Temperature,Depth Of Cut,Feed Rate,Lenght Of Cut,Load X,Load Y
0.05156481809261978,0.2,0.2,0.8333333333333333,0.5991174782568449,0.6717566824663171
0.05178568485441976,0.2,0.2,0.8333333333333333,0.7686929288930681,0.7387240221675501
0.05181925755235942,0.2,0.2,0.8333333333333333,0.8910446461800907,0.13850824182769916
0.05182881143642194,0.2,0.2,0.8333333333333333,0.9622452465390507,0.014604706223427915
0.05194503321101814,0.2,0.2,0.8333333333333333,1.0,0.14127966296484248
0.052114256517521725,0.2,0.2,0.8333333333333333,0.10093758322032677,0.14005603550970663
0.052009095852749494,0.2,0.2,0.8333333333333333,0.11247940451812537,0.18732027179802846
0.05222016619091068,0.2,0.2,0.8333333333333333,0.11443208120827869,0.1853732734107068
0.05229960758197232,0.2,0.2,0.8333333333333333,0.12667085787856278,0.23128281503487985
0.05247771922073852,0.2,0.2,0.8333333333333333,0.13005649884749015,0.24204533386962745
0.052617309991668505,0.2,0.2,0.8333333333333333,0.1392050394840239,0.030226716922112436
0.05277216661682555,0.2,0.2,0.8333333333333333,0.1411607202921621,0.2880619303897118
0.05320696822157012,0.2,0.2,0.8333333333333333,9.23065319478635e-05,0.2674333524093431
0.0537334303539784,0.2,0.2,0.8333333333333333,0.14311539972763865,0.026496804286996776
0.05415603761988923,0.2,0.2,0.8333333333333333,0.14478969481786244,0.2679786320193586
0.053945246872940625,0.2,0.2,0.8333333333333333,0.15021112640785736,0.306912596687516
0.05451058052233037,0.2,0.2,0.8333333333333333,0.15179029109522751,0.31201521322160664
0.054277323142284686,0.2,0.2,0.8333333333333333,0.1628344301802024,0.37273735049033097
0.05464172040233216,0.2,0.2,0.8333333333333333,0.16592867170459924,0.3990058205104387
0.05481527969288997,0.2,0.2,0.8333333333333333,0.16690300730435267,0.37820815582531286
0.05547594937776437,0.2,0.2,0.8333333333333333,0.16773114249551,0.03598166796212994
0.056028983914123746,0.2,0.2,0.8333333333333333,0.17200500101529176,0.37958085972428784
0.05661329924006208,0.2,0.2,0.8333333333333333,0.0001246708963713279,0.39087365047336253
0.057127685076814545,0.2,0.2,0.8333333333333333,0.17607558088476521,0.40744614856565214
0.05754833665439913,0.2,0.2,0.8333333333333333,0.1780432781648428,0.4365700828187588
0.05778923334227065,0.2,0.2,0.8333333333333333,0.17905266180775284,0.44968880987660126
0.058219695627588636,0.2,0.2,0.8333333333333333,0.00013011836365052487,0.46037228818072273
0.05812096838852174,0.2,0.2,0.8333333333333333,0.18279679418953915,0.4833440677145896
0.05827684367989917,0.2,0.2,0.8333333333333333,0.1960059009689302,0.5658313657838253
0.058516216465147486,0.2,0.2,0.8333333333333333,0.19912117131922097,0.5923399589349491
0.05875906217060057,0.2,0.2,0.8333333333333333,0.1949794939907727,0.047305474615627535
0.06055593492974926,0.2,0.2,0.8333333333333333,0.19897196679264,0.5112243642516424
0.060852509495806166,0.2,0.2,0.8333333333333333,0.20111890977914706,0.541361818220246
0.061067910307406416,0.2,0.2,0.8333333333333333,0.20326184727500765,0.5766269015490876
0.061333049931675376,0.2,0.2,0.8333333333333333,0.00015381084082438526,0.5857865984843033
0.06111797866936485,0.2,0.2,0.8333333333333333,0.20944832757847803,0.6595434197150144
0.06156973571195577,0.2,0.2,0.8333333333333333,0.21187966040088432,0.06881650510248018
0.06191026374232515,0.2,0.2,0.8333333333333333,0.2133316507602291,0.7059802317143767
0.06228458054475596,0.2,0.2,0.8333333333333333,0.2150419952662711,0.7207578094023216
0.06264189637425707,0.2,0.2,0.8333333333333333,0.21554268159707965,0.7322096817256945
0.06302160705384165,0.2,0.2,0.8333333333333333,0.21620559029907016,0.7448881830433408
0.06334570373487211,0.2,0.2,0.8333333333333333,0.21953615577160862,0.7897371808388597
0.06344295507167436,0.2,0.2,0.8333333333333333,0.23069545271266947,0.8426052906972681
0.06375889749239147,0.2,0.2,0.8333333333333333,0.23343620968751547,0.8580001849345332
0.06416888987252019,0.2,0.2,0.8333333333333333,0.22311205754624325,0.6405756933908399
0.06705120706692452,0.2,0.2,0.8333333333333333,0.2276973429637879,0.681415635411437
0.06758075528885316,0.2,0.2,0.8333333333333333,0.23005157009124969,0.07068846501135931
0.06799215990913945,0.2,0.2,0.8333333333333333,0.2322435748475295,0.7323677627869466
0.06858302728402581,0.2,0.2,0.8333333333333333,0.2338377601248239,0.7463269208033452
0.06858178638049563,0.2,0.2,0.8333333333333333,0.236549477292483,0.7863654518741763
0.06948930632037718,0.2,0.2,0.8333333333333333,0.2382708368978028,0.8026427986179253
0.07021592059457703,0.2,0.2,0.8333333333333333,0.00018949976248441841,0.815008139352205
0.07095752446716369,0.2,0.2,0.8333333333333333,0.24078728639644653,0.8417388463995186
0.0714361332148859,0.2,0.2,0.8333333333333333,0.24138810999341678,0.8429494671850577
0.07228012235990966,0.2,0.2,0.8333333333333333,0.2426258066031755,0.8665425653204285
0.07274567747536959,0.2,0.2,0.8333333333333333,0.24350100630942884,0.8784886910884759
0.07339059753201006,0.2,0.2,0.8333333333333333,0.2440257255841162,0.8777503124606016
0.07426294930583939,0.2,0.2,0.8333333333333333,0.24513324374786472,0.8998076230705158
0.07451824044565765,0.2,0.2,0.8333333333333333,0.2557738296502079,0.9564486676250136
0.0745930271070814,0.2,0.2,0.8333333333333333,0.2578276449791846,0.9790972814450546
0.074939976961861,0.2,0.2,0.8333333333333333,0.0001984820752591237,0.7951259441040778
0.07813601565404632,0.2,0.2,0.8333333333333333,0.249274921076313,0.8043386682307261
0.07922372313944111,0.2,0.2,0.8333333333333333,0.2546723197224291,0.8681994149244391
0.07919402150365339,0.2,0.2,0.8333333333333333,0.2576544075087248,0.9173135998346302
0.07948252889161853,0.2,0.2,0.8333333333333333,0.2599575646304441,0.09517702232281071
0.07994002045439137,0.2,0.2,0.8333333333333333,0.26012279111961095,0.9554121361094611
0.08098710129186792,0.2,0.2,0.8333333333333333,0.26108410887476335,0.9700096214491438
0.08170805696186081,0.2,0.2,0.8333333333333333,0.2620143840774056,0.9840288102482964
0.08238339010371275,0.2,0.2,0.8333333333333333,0.26264524885422436,0.9963231145563171
0.0831053964885038,0.2,0.2,0.8333333333333333,0.26345936482811905,0.10089995694535941
0.08379983043770366,0.2,0.2,0.8333333333333333,0.26411526392147827,0.1015562935034699
0.08457178192069242,0.2,0.2,0.8333333333333333,0.26465800790407473,0.10277892044555985
0.08527093962723618,0.2,0.2,0.8333333333333333,0.26530289189815615,0.10358633447360124
0.08598141969026861,0.2,0.2,0.8333333333333333,0.26614704905189934,0.10494202965079591
0.08662679176237052,0.2,0.2,0.8333333333333333,0.2667839220646878,0.10578045958326021
0.08735164945547175,0.2,0.2,0.8333333333333333,0.2674107813508601,0.1064788176892985
0.08808038995703625,0.2,0.2,0.8333333333333333,0.26809872436939103,0.10713715527350078
0.08883732588374034,0.2,0.2,0.8333333333333333,0.2684151581304621,0.1080606288148666
0.08956265284922951,0.2,0.2,0.8333333333333333,0.2690099734914626,0.108116657545437
0.08935684043554479,0.2,0.2,0.8333333333333333,0.27896161500261324,0.11364349161098929
0.08993943855227984,0.2,0.2,0.8333333333333333,0.2806929883345492,0.11424479995157526
0.09067677597607494,0.2,0.2,0.8333333333333333,0.2755659603070697,0.1040345643181645
0.09333699572879049,0.2,0.2,0.8333333333333333,0.2694145280467559,0.09399041385037317
0.09596101059471791,0.2,0.2,0.8333333333333333,0.27154544907067707,0.9565577235470166
0.09671964799636874,0.2,0.2,0.8333333333333333,0.2733469184889262,0.9743378408857077
0.0975063188400759,0.2,0.2,0.8333333333333333,0.27472981413461944,0.9939048745243765
0.09848722190219496,0.2,0.2,0.8333333333333333,0.27591543936597407,0.10109205545017223
0.09943643573663839,0.2,0.2,0.8333333333333333,0.27750662052528363,0.103208140542251
0.10028252435353989,0.2,0.2,0.8333333333333333,0.27869124438397663,0.10518215278181194
0.1011196790305873,0.2,0.2,0.8333333333333333,0.00023032572589854725,0.10731924864785461
0.1018764470285444,0.2,0.2,0.8333333333333333,0.0002313170848335481,0.10903813006071102
0.10269899763274372,0.2,0.2,0.8333333333333333,0.2822791626305507,0.00010996356842860611
0.10348091571586916,0.2,0.2,0.8333333333333333,0.00023343999487617634,0.1122177605205816
0.10427624685388158,0.2,0.2,0.8333333333333333,0.00023432120281839937,0.11372353265466129
0.10503610115888332,0.2,0.2,0.8333333333333333,0.28517713511327053,0.1146039841350534
0.10584803230006257,0.2,0.2,0.8333333333333333,0.00023597346771006761,0.116310859391359
0.10659101476905097,0.2,0.2,0.8333333333333333,0.2865109634985445,0.11751447658557686
0.10736250669573645,0.2,0.2,0.8333333333333333,0.2871588516106108,0.1187220958319783
0.10812931771736191,0.2,0.2,0.8333333333333333,0.2876535297054496,0.00011912826792905123
0.10889745157666436,0.2,0.2,0.8333333333333333,0.28810014191253086,0.12099326044617158
0.10969059717569078,0.2,0.2,0.8333333333333333,0.2891425708532742,0.1218847175700686
0.11045499121249244,0.2,0.2,0.8333333333333333,0.2892727492992844,0.12315837067749945
0.11123789323046096,0.2,0.2,0.8333333333333333,0.2899296497653053,0.12385472775744594
0.11202820050012614,0.2,0.2,0.8333333333333333,0.2905915570946342,0.1252014183172275
0.1126993935747953,0.2,0.2,0.8333333333333333,0.2918232454684232,0.12567165944880057
0.11350850567376648,0.2,0.2,0.8333333333333333,0.2923499674884338,0.12667017146860887
0.11427414394947062,0.2,0.2,0.8333333333333333,0.2928847004897373,0.1269983397476641
0.11366978151304234,0.2,0.2,0.8333333333333333,0.29724567843107974,0.1179006746212943
0.12486644681496022,0.2,0.2,0.8333333333333333,0.3002658183785169,0.12210282941407483
0.1211864094858441,0.2,0.2,0.8333333333333333,0.3013262720271694,0.12397779086209165
0.12209915000853341,0.2,0.2,0.8333333333333333,0.3027762596411909,0.126107883136813
0.12295164906607428,0.2,0.2,0.8333333333333333,0.30403899056749006,0.1277597301755941
0.12389676981858025,0.2,0.2,0.8333333333333333,0.304829073597506,0.12895234172630707
0.12491374558523101,0.2,0.2,0.8333333333333333,0.3057022705584361,0.1300018799114563
0.12586607298976266,0.2,0.2,0.8333333333333333,0.30660250458122984,0.13130955046244777
0.1268099561016027,0.2,0.2,0.8333333333333333,0.30736054368607396,0.13269926308320304
0.12769169723862803,0.2,0.2,0.8333333333333333,0.3081796665232768,0.13355170019830995
0.12862119945753503,0.2,0.2,0.8333333333333333,0.3090979252539796,0.13494441435820292
0.12948545998058514,0.2,0.2,0.8333333333333333,0.3100392155558997,0.1364942090663022
0.13021919338954052,0.2,0.2,0.8333333333333333,0.310914415262153,0.1380950299397424
0.13104336164932928,0.2,0.2,0.8333333333333333,0.31143312630087067,0.13949674871704848
0.1318234117789229,0.2,0.2,0.8333333333333333,0.0002630305570269614,0.14154279789591423
0.1325332265076797,0.2,0.2,0.8333333333333333,0.31353300477228174,0.14331570701324925
0.13322233241707568,0.2,0.2,0.8333333333333333,0.314335104274237,0.14484148940824693
0.13395945456433808,0.2,0.2,0.8333333333333333,0.00026527363178898366,0.14609913430694338
0.13473502956684397,0.2,0.2,0.8333333333333333,0.31569596972137465,0.14751586077993795
0.13546359880428918,0.2,0.2,0.8333333333333333,0.31642096352838545,0.14897660982695213
0.13614348045142047,0.2,0.2,0.8333333333333333,0.3171028983109467,0.1501151936731865
0.13688091104811706,0.2,0.2,0.8333333333333333,0.3176676724920987,0.15160095554634817
0.13757624852068318,0.2,0.2,0.8333333333333333,0.31845575277679133,0.15249941626156646
0.13831542010923809,0.2,0.2,0.8333333333333333,0.3190495667651303,0.15376006269940062
0.13903365962600903,0.2,0.2,0.8333333333333333,0.31892339380976653,0.00015395612705683452
0.13981908151778757,0.2,0.2,0.8333333333333333,0.31992576784404525,0.15584713291314828
0.14054735368956933,0.2,0.2,0.8333333333333333,0.00027095141478035266,0.1566975690021634
0.14128904116398905,0.2,0.2,0.8333333333333333,0.3213116676077233,0.1576250445957128
0.14203565853626543,0.2,0.2,0.8333333333333333,0.3216451247040418,0.15870359765919312
0.14277601962011152,0.2,0.2,0.8333333333333333,0.3216801727471984,0.00015898870767771216
0.14353371557666267,0.2,0.2,0.8333333333333333,0.3221678412334059,0.16059556782899026
0.1443027858054982,0.2,0.2,0.8333333333333333,0.32289684053106316,0.16130593209157934
0.14507312391087507,0.2,0.2,0.8333333333333333,0.3233214225395888,0.16245652209436448
0.14583914560938321,0.2,0.2,0.8333333333333333,0.3235377190344981,0.16316888738304539
0.14660137955754005,0.2,0.2,0.8333333333333333,0.3241004904703269,0.16432447995106003
0.1473792582872261,0.2,0.2,0.8333333333333333,0.32464323445292337,0.16508987243117362
0.1481725209868252,0.2,0.2,0.8333333333333333,0.3251679537276107,0.16596732237242803
0.1489586403339652,0.2,0.2,0.8333333333333333,0.32527009373909566,0.16655562404341728
0.1497591085979686,0.2,0.2,0.8333333333333333,0.0002761785800739938,0.1673660396105964
0.1505593593376883,0.2,0.2,0.8333333333333333,0.32632554052444007,0.16778625508987444
0.15048850993830684,0.2,0.2,0.8333333333333333,0.0002848504673235979,0.1723806109966478
0.1513386599511085,0.2,0.2,0.8333333333333333,0.31736826206627516,0.14066334692856802
0.15698568512293173,0.2,0.2,0.8333333333333333,0.32178231275868335,0.14591103785431417
0.15771568081212106,0.2,0.2,0.8333333333333333,0.32591798185116194,0.15044936503051712
0.15813809455392752,0.2,0.2,0.8333333333333333,0.3283362968289672,0.15369402883837122
0.1593551117425095,0.2,0.2,0.8333333333333333,0.32918946633666496,0.00015399614757867052
0.16079261618552457,0.2,0.2,0.8333333333333333,0.32976325287177155,0.15556999079943395
0.1621835338877573,0.2,0.2,0.8333333333333333,0.0002804944962455635,0.1558861529219384
0.1635539278837946,0.2,0.2,0.8333333333333333,0.00028064470214480603,0.15661152488021599
0.16489855003775275,0.2,0.2,0.8333333333333333,0.3307275747449088,0.15705475215954973
0.16623924138288904,0.2,0.2,0.8333333333333333,0.3314465603159499,0.15721183270775604
0.16756958038482558,0.2,0.2,0.8333333333333333,0.33180605310147043,0.1577010835872012
0.16890192285792271,0.2,0.2,0.8333333333333333,0.3322226241287031,0.1577491082134044
0.17025122954234562,0.2,0.2,0.8333333333333333,0.33250501121927917,0.158304392953879
0.17156563249773715,0.2,0.2,0.8333333333333333,0.3328995520479563,0.15863356174598012
0.1728709761467791,0.2,0.2,0.8333333333333333,0.3332900873859869,0.15907979056445157
0.17417282882110074,0.2,0.2,0.8333333333333333,0.33367561586070954,0.1591248136515171
0.1754765499565109,0.2,0.2,0.8333333333333333,0.3340411168821998,0.15979915944445378
0.17678157884791446,0.2,0.2,0.8333333333333333,0.33429947102889696,0.16025239185424653
0.17807045757636972,0.2,0.2,0.8333333333333333,0.0002852009477551638,0.16026940057602682
0.179336627422184,0.2,0.2,0.8333333333333333,0.3351616528905493,0.16115285359555664
0.18059477091196377,0.2,0.2,0.8333333333333333,0.3358185533565701,0.16116285872601563
0.18188109974825792,0.2,0.2,0.8333333333333333,0.33600180455364603,0.1617891798927491
0.18313684329261606,0.2,0.2,0.8333333333333333,0.33661764874054056,0.16191124248434893
0.18438610657103977,0.2,0.2,0.8333333333333333,0.33711032409005615,0.16242050362471208
0.185645439846143,0.2,0.2,0.8333333333333333,0.33718142154903097,0.16300880529570136
0.18690099160659104,0.2,0.2,0.8333333333333333,0.3374718196208999,0.1634890515577334
0.18817090649548898,0.2,0.2,0.8333333333333333,0.33772416553162743,0.16396129371539828
0.18942440837959595,0.2,0.2,0.8333333333333333,0.3380005443862337,0.1641814065854963
0.19067091410267573,0.2,0.2,0.8333333333333333,0.3382799273588249,0.16445254562093523
0.19192977346487297,0.2,0.2,0.8333333333333333,0.33886973585651736,0.16517891809225874
0.19312696229988627,0.2,0.2,0.8333333333333333,0.33873955741050715,0.16512589090082602
0.19442227757189495,0.2,0.2,0.8333333333333333,0.3392282272693763,0.16540703506672397
0.1956882297484094,0.2,0.2,0.8333333333333333,0.33955767887504834,0.1657612166849726
0.19691804244043706,0.2,0.2,0.8333333333333333,0.3398901345987052,0.1660063423812181
0.1981584459547874,0.2,0.2,0.8333333333333333,0.00029044814050203737,0.16616342292942446
0.1994134525993806,0.2,0.2,0.8333333333333333,0.34046792662445824,0.16627347936447345
0.20067893390832905,0.2,0.2,0.8333333333333333,0.3406631942934736,0.1666716835567417
0.2019126982915098,0.2,0.2,0.8333333333333333,0.34107275571207496,0.16690580360948234
0.20313095232316863,0.2,0.2,0.8333333333333333,0.34118691219549935,0.16697383849660355
0.2044092735105166,0.2,0.2,0.8333333333333333,0.34144025947888845,0.16700285337493465
0.20568898148768097,0.2,0.2,0.8333333333333333,0.3416425367565351,0.16718394623624258
0.20693299764533432,0.2,0.2,0.8333333333333333,0.00029163977396936175,0.16717394110578357
0.20822414652972193,0.2,0.2,0.8333333333333333,0.3417727152025453,0.1673640385845046
0.20945937680905027,0.2,0.2,0.8333333333333333,0.3418948826672626,0.167500108358747
0.210720596164709,0.2,0.2,0.8333333333333333,0.34234249624700547,0.1683585485521293
0.21186440381543184,0.2,0.2,0.8333333333333333,0.34285620042241505,0.00016763314039428922
0.21311177978066245,0.2,0.2,0.8333333333333333,0.0002940230409040104,0.16965921551179947
0.21414191997194393,0.2,0.2,0.8333333333333333,0.34481588672119967,0.17114397687191527
0.21514672525492406,0.2,0.2,0.8333333333333333,0.34601052430650886,0.17285285315431267
0.21611316759269794,0.2,0.2,0.8333333333333333,0.34700789147747946,0.17437663452321855
0.2170757014541431,0.2,0.2,0.8333333333333333,0.3484018022224505,0.1763066241887599
0.21795048391682606,0.2,0.2,0.8333333333333333,0.00029957064544936906,0.17777837887927897
0.05156481809261978,0.5,0.2,0.0,0.5991174782568449,0.6717566824663171
0.05178568485441976,0.5,0.2,0.0,0.7686929288930681,0.7387240221675501
0.05181925755235942,0.5,0.2,0.0,0.8910446461800907,0.13850824182769916
0.05182881143642194,0.5,0.2,0.0,0.9622452465390507,0.014604706223427915
0.05194503321101814,0.5,0.2,0.0,1.0,0.14127966296484248
0.052114256517521725,0.5,0.2,0.0,0.10093758322032677,0.14005603550970663
0.052009095852749494,0.5,0.2,0.0,0.11247940451812537,0.18732027179802846
0.05222016619091068,0.5,0.2,0.0,0.11443208120827869,0.1853732734107068
0.05229960758197232,0.5,0.2,0.0,0.12667085787856278,0.23128281503487985
0.05247771922073852,0.5,0.2,0.0,0.13005649884749015,0.24204533386962745
0.052617309991668505,0.5,0.2,0.0,0.1392050394840239,0.030226716922112436
0.05277216661682555,0.5,0.2,0.0,0.1411607202921621,0.2880619303897118
0.05320696822157012,0.5,0.2,0.0,9.23065319478635e-05,0.2674333524093431
0.0537334303539784,0.5,0.2,0.0,0.14311539972763865,0.026496804286996776
0.05415603761988923,0.5,0.2,0.0,0.14478969481786244,0.2679786320193586
0.053945246872940625,0.5,0.2,0.0,0.15021112640785736,0.306912596687516
0.05451058052233037,0.5,0.2,0.0,0.15179029109522751,0.31201521322160664
0.054277323142284686,0.5,0.2,0.0,0.1628344301802024,0.37273735049033097
0.05464172040233216,0.5,0.2,0.0,0.16592867170459924,0.3990058205104387
0.05481527969288997,0.5,0.2,0.0,0.16690300730435267,0.37820815582531286
0.05547594937776437,0.5,0.2,0.0,0.16773114249551,0.03598166796212994
0.056028983914123746,0.5,0.2,0.0,0.17200500101529176,0.37958085972428784
0.05661329924006208,0.5,0.2,0.0,0.0001246708963713279,0.39087365047336253
0.057127685076814545,0.5,0.2,0.0,0.17607558088476521,0.40744614856565214
0.05754833665439913,0.5,0.2,0.0,0.1780432781648428,0.4365700828187588
0.05778923334227065,0.5,0.2,0.0,0.17905266180775284,0.44968880987660126
0.058219695627588636,0.5,0.2,0.0,0.00013011836365052487,0.46037228818072273
0.05812096838852174,0.5,0.2,0.0,0.18279679418953915,0.4833440677145896
0.05827684367989917,0.5,0.2,0.0,0.1960059009689302,0.5658313657838253
0.058516216465147486,0.5,0.2,0.0,0.19912117131922097,0.5923399589349491
0.05875906217060057,0.5,0.2,0.0,0.1949794939907727,0.047305474615627535
0.06055593492974926,0.5,0.2,0.0,0.19897196679264,0.5112243642516424
0.060852509495806166,0.5,0.2,0.0,0.20111890977914706,0.541361818220246
0.061067910307406416,0.5,0.2,0.0,0.20326184727500765,0.5766269015490876
0.061333049931675376,0.5,0.2,0.0,0.00015381084082438526,0.5857865984843033
0.06111797866936485,0.5,0.2,0.0,0.20944832757847803,0.6595434197150144
0.06156973571195577,0.5,0.2,0.0,0.21187966040088432,0.06881650510248018
0.06191026374232515,0.5,0.2,0.0,0.2133316507602291,0.7059802317143767
0.06228458054475596,0.5,0.2,0.0,0.2150419952662711,0.7207578094023216
0.06264189637425707,0.5,0.2,0.0,0.21554268159707965,0.7322096817256945
0.06302160705384165,0.5,0.2,0.0,0.21620559029907016,0.7448881830433408
0.06334570373487211,0.5,0.2,0.0,0.21953615577160862,0.7897371808388597
0.06344295507167436,0.5,0.2,0.0,0.23069545271266947,0.8426052906972681
0.06375889749239147,0.5,0.2,0.0,0.23343620968751547,0.8580001849345332
0.06416888987252019,0.5,0.2,0.0,0.22311205754624325,0.6405756933908399
0.06705120706692452,0.5,0.2,0.0,0.2276973429637879,0.681415635411437
0.06758075528885316,0.5,0.2,0.0,0.23005157009124969,0.07068846501135931
0.06799215990913945,0.5,0.2,0.0,0.2322435748475295,0.7323677627869466
0.06858302728402581,0.5,0.2,0.0,0.2338377601248239,0.7463269208033452
0.06858178638049563,0.5,0.2,0.0,0.236549477292483,0.7863654518741763
0.06948930632037718,0.5,0.2,0.0,0.2382708368978028,0.8026427986179253
0.07021592059457703,0.5,0.2,0.0,0.00018949976248441841,0.815008139352205
0.07095752446716369,0.5,0.2,0.0,0.24078728639644653,0.8417388463995186
0.0714361332148859,0.5,0.2,0.0,0.24138810999341678,0.8429494671850577
0.07228012235990966,0.5,0.2,0.0,0.2426258066031755,0.8665425653204285
0.07274567747536959,0.5,0.2,0.0,0.24350100630942884,0.8784886910884759
0.07339059753201006,0.5,0.2,0.0,0.2440257255841162,0.8777503124606016
0.07426294930583939,0.5,0.2,0.0,0.24513324374786472,0.8998076230705158
0.07451824044565765,0.5,0.2,0.0,0.2557738296502079,0.9564486676250136
0.0745930271070814,0.5,0.2,0.0,0.2578276449791846,0.9790972814450546
0.074939976961861,0.5,0.2,0.0,0.0001984820752591237,0.7951259441040778
0.07813601565404632,0.5,0.2,0.0,0.249274921076313,0.8043386682307261
0.07922372313944111,0.5,0.2,0.0,0.2546723197224291,0.8681994149244391
0.07919402150365339,0.5,0.2,0.0,0.2576544075087248,0.9173135998346302
0.07948252889161853,0.5,0.2,0.0,0.2599575646304441,0.09517702232281071
0.07994002045439137,0.5,0.2,0.0,0.26012279111961095,0.9554121361094611
0.08098710129186792,0.5,0.2,0.0,0.26108410887476335,0.9700096214491438
0.08170805696186081,0.5,0.2,0.0,0.2620143840774056,0.9840288102482964
0.08238339010371275,0.5,0.2,0.0,0.26264524885422436,0.9963231145563171
0.0831053964885038,0.5,0.2,0.0,0.26345936482811905,0.10089995694535941
0.08379983043770366,0.5,0.2,0.0,0.26411526392147827,0.1015562935034699
0.08457178192069242,0.5,0.2,0.0,0.26465800790407473,0.10277892044555985
0.08527093962723618,0.5,0.2,0.0,0.26530289189815615,0.10358633447360124
0.08598141969026861,0.5,0.2,0.0,0.26614704905189934,0.10494202965079591
0.08662679176237052,0.5,0.2,0.0,0.2667839220646878,0.10578045958326021
0.08735164945547175,0.5,0.2,0.0,0.2674107813508601,0.1064788176892985
0.08808038995703625,0.5,0.2,0.0,0.26809872436939103,0.10713715527350078
0.08883732588374034,0.5,0.2,0.0,0.2684151581304621,0.1080606288148666
0.08956265284922951,0.5,0.2,0.0,0.2690099734914626,0.108116657545437
0.08935684043554479,0.5,0.2,0.0,0.27896161500261324,0.11364349161098929
0.08993943855227984,0.5,0.2,0.0,0.2806929883345492,0.11424479995157526
0.09067677597607494,0.5,0.2,0.0,0.2755659603070697,0.1040345643181645
0.09333699572879049,0.5,0.2,0.0,0.2694145280467559,0.09399041385037317
0.09596101059471791,0.5,0.2,0.0,0.27154544907067707,0.9565577235470166
0.09671964799636874,0.5,0.2,0.0,0.2733469184889262,0.9743378408857077
0.0975063188400759,0.5,0.2,0.0,0.27472981413461944,0.9939048745243765
0.09848722190219496,0.5,0.2,0.0,0.27591543936597407,0.10109205545017223
0.09943643573663839,0.5,0.2,0.0,0.27750662052528363,0.103208140542251
0.10028252435353989,0.5,0.2,0.0,0.27869124438397663,0.10518215278181194
0.1011196790305873,0.5,0.2,0.0,0.00023032572589854725,0.10731924864785461
0.1018764470285444,0.5,0.2,0.0,0.0002313170848335481,0.10903813006071102
0.10269899763274372,0.5,0.2,0.0,0.2822791626305507,0.00010996356842860611
0.10348091571586916,0.5,0.2,0.0,0.00023343999487617634,0.1122177605205816
0.10427624685388158,0.5,0.2,0.0,0.00023432120281839937,0.11372353265466129
0.10503610115888332,0.5,0.2,0.0,0.28517713511327053,0.1146039841350534
0.10584803230006257,0.5,0.2,0.0,0.00023597346771006761,0.116310859391359
0.10659101476905097,0.5,0.2,0.0,0.2865109634985445,0.11751447658557686
0.10736250669573645,0.5,0.2,0.0,0.2871588516106108,0.1187220958319783
0.10812931771736191,0.5,0.2,0.0,0.2876535297054496,0.00011912826792905123
0.10889745157666436,0.5,0.2,0.0,0.28810014191253086,0.12099326044617158
0.10969059717569078,0.5,0.2,0.0,0.2891425708532742,0.1218847175700686
0.11045499121249244,0.5,0.2,0.0,0.2892727492992844,0.12315837067749945
0.11123789323046096,0.5,0.2,0.0,0.2899296497653053,0.12385472775744594
0.11202820050012614,0.5,0.2,0.0,0.2905915570946342,0.1252014183172275
0.1126993935747953,0.5,0.2,0.0,0.2918232454684232,0.12567165944880057
0.11350850567376648,0.5,0.2,0.0,0.2923499674884338,0.12667017146860887
0.11427414394947062,0.5,0.2,0.0,0.2928847004897373,0.1269983397476641
0.11366978151304234,0.5,0.2,0.0,0.29724567843107974,0.1179006746212943
0.12486644681496022,0.5,0.2,0.0,0.3002658183785169,0.12210282941407483
0.1211864094858441,0.5,0.2,0.0,0.3013262720271694,0.12397779086209165
0.12209915000853341,0.5,0.2,0.0,0.3027762596411909,0.126107883136813
0.12295164906607428,0.5,0.2,0.0,0.30403899056749006,0.1277597301755941
0.12389676981858025,0.5,0.2,0.0,0.304829073597506,0.12895234172630707
0.12491374558523101,0.5,0.2,0.0,0.3057022705584361,0.1300018799114563
0.12586607298976266,0.5,0.2,0.0,0.30660250458122984,0.13130955046244777
0.1268099561016027,0.5,0.2,0.0,0.30736054368607396,0.13269926308320304
0.12769169723862803,0.5,0.2,0.0,0.3081796665232768,0.13355170019830995
0.12862119945753503,0.5,0.2,0.0,0.3090979252539796,0.13494441435820292
0.12948545998058514,0.5,0.2,0.0,0.3100392155558997,0.1364942090663022
0.13021919338954052,0.5,0.2,0.0,0.310914415262153,0.1380950299397424
0.13104336164932928,0.5,0.2,0.0,0.31143312630087067,0.13949674871704848
0.1318234117789229,0.5,0.2,0.0,0.0002630305570269614,0.14154279789591423
0.1325332265076797,0.5,0.2,0.0,0.31353300477228174,0.14331570701324925
0.13322233241707568,0.5,0.2,0.0,0.314335104274237,0.14484148940824693
0.13395945456433808,0.5,0.2,0.0,0.00026527363178898366,0.14609913430694338
0.13473502956684397,0.5,0.2,0.0,0.31569596972137465,0.14751586077993795
0.13546359880428918,0.5,0.2,0.0,0.31642096352838545,0.14897660982695213
0.13614348045142047,0.5,0.2,0.0,0.3171028983109467,0.1501151936731865
0.13688091104811706,0.5,0.2,0.0,0.3176676724920987,0.15160095554634817
0.13757624852068318,0.5,0.2,0.0,0.31845575277679133,0.15249941626156646
0.13831542010923809,0.5,0.2,0.0,0.3190495667651303,0.15376006269940062
0.13903365962600903,0.5,0.2,0.0,0.31892339380976653,0.00015395612705683452
0.13981908151778757,0.5,0.2,0.0,0.31992576784404525,0.15584713291314828
0.14054735368956933,0.5,0.2,0.0,0.00027095141478035266,0.1566975690021634
0.14128904116398905,0.5,0.2,0.0,0.3213116676077233,0.1576250445957128
0.14203565853626543,0.5,0.2,0.0,0.3216451247040418,0.15870359765919312
0.14277601962011152,0.5,0.2,0.0,0.3216801727471984,0.00015898870767771216
0.14353371557666267,0.5,0.2,0.0,0.3221678412334059,0.16059556782899026
0.1443027858054982,0.5,0.2,0.0,0.32289684053106316,0.16130593209157934
0.14507312391087507,0.5,0.2,0.0,0.3233214225395888,0.16245652209436448
0.14583914560938321,0.5,0.2,0.0,0.3235377190344981,0.16316888738304539
0.14660137955754005,0.5,0.2,0.0,0.3241004904703269,0.16432447995106003
0.1473792582872261,0.5,0.2,0.0,0.32464323445292337,0.16508987243117362
0.1481725209868252,0.5,0.2,0.0,0.3251679537276107,0.16596732237242803
0.1489586403339652,0.5,0.2,0.0,0.32527009373909566,0.16655562404341728
0.1497591085979686,0.5,0.2,0.0,0.0002761785800739938,0.1673660396105964
0.1505593593376883,0.5,0.2,0.0,0.32632554052444007,0.16778625508987444
0.15048850993830684,0.5,0.2,0.0,0.0002848504673235979,0.1723806109966478
0.1513386599511085,0.5,0.2,0.0,0.31736826206627516,0.14066334692856802
0.15698568512293173,0.5,0.2,0.0,0.32178231275868335,0.14591103785431417
0.15771568081212106,0.5,0.2,0.0,0.32591798185116194,0.15044936503051712
0.15813809455392752,0.5,0.2,0.0,0.3283362968289672,0.15369402883837122
0.1593551117425095,0.5,0.2,0.0,0.32918946633666496,0.00015399614757867052
0.16079261618552457,0.5,0.2,0.0,0.32976325287177155,0.15556999079943395
0.1621835338877573,0.5,0.2,0.0,0.0002804944962455635,0.1558861529219384
0.1635539278837946,0.5,0.2,0.0,0.00028064470214480603,0.15661152488021599
0.16489855003775275,0.5,0.2,0.0,0.3307275747449088,0.15705475215954973
0.16623924138288904,0.5,0.2,0.0,0.3314465603159499,0.15721183270775604
0.16756958038482558,0.5,0.2,0.0,0.33180605310147043,0.1577010835872012
0.16890192285792271,0.5,0.2,0.0,0.3322226241287031,0.1577491082134044
0.17025122954234562,0.5,0.2,0.0,0.33250501121927917,0.158304392953879
0.17156563249773715,0.5,0.2,0.0,0.3328995520479563,0.15863356174598012
0.1728709761467791,0.5,0.2,0.0,0.3332900873859869,0.15907979056445157
0.17417282882110074,0.5,0.2,0.0,0.33367561586070954,0.1591248136515171
0.1754765499565109,0.5,0.2,0.0,0.3340411168821998,0.15979915944445378
0.17678157884791446,0.5,0.2,0.0,0.33429947102889696,0.16025239185424653
0.17807045757636972,0.5,0.2,0.0,0.0002852009477551638,0.16026940057602682
0.179336627422184,0.5,0.2,0.0,0.3351616528905493,0.16115285359555664
0.18059477091196377,0.5,0.2,0.0,0.3358185533565701,0.16116285872601563
0.18188109974825792,0.5,0.2,0.0,0.33600180455364603,0.1617891798927491
0.18313684329261606,0.5,0.2,0.0,0.33661764874054056,0.16191124248434893
0.18438610657103977,0.5,0.2,0.0,0.33711032409005615,0.16242050362471208
0.185645439846143,0.5,0.2,0.0,0.33718142154903097,0.16300880529570136
0.18690099160659104,0.5,0.2,0.0,0.3374718196208999,0.1634890515577334
0.18817090649548898,0.5,0.2,0.0,0.33772416553162743,0.16396129371539828
0.18942440837959595,0.5,0.2,0.0,0.3380005443862337,0.1641814065854963
0.19067091410267573,0.5,0.2,0.0,0.3382799273588249,0.16445254562093523
0.19192977346487297,0.5,0.2,0.0,0.33886973585651736,0.16517891809225874
0.19312696229988627,0.5,0.2,0.0,0.33873955741050715,0.16512589090082602
0.19442227757189495,0.5,0.2,0.0,0.3392282272693763,0.16540703506672397
0.1956882297484094,0.5,0.2,0.0,0.33955767887504834,0.1657612166849726
0.19691804244043706,0.5,0.2,0.0,0.3398901345987052,0.1660063423812181
0.1981584459547874,0.5,0.2,0.0,0.00029044814050203737,0.16616342292942446
0.1994134525993806,0.5,0.2,0.0,0.34046792662445824,0.16627347936447345
0.20067893390832905,0.5,0.2,0.0,0.3406631942934736,0.1666716835567417
0.2019126982915098,0.5,0.2,0.0,0.34107275571207496,0.16690580360948234
0.20313095232316863,0.5,0.2,0.0,0.34118691219549935,0.16697383849660355
0.2044092735105166,0.5,0.2,0.0,0.34144025947888845,0.16700285337493465
0.20568898148768097,0.5,0.2,0.0,0.3416425367565351,0.16718394623624258
0.20693299764533432,0.5,0.2,0.0,0.00029163977396936175,0.16717394110578357
0.20822414652972193,0.5,0.2,0.0,0.3417727152025453,0.1673640385845046
0.20945937680905027,0.5,0.2,0.0,0.3418948826672626,0.167500108358747
0.210720596164709,0.5,0.2,0.0,0.34234249624700547,0.1683585485521293
0.21186440381543184,0.5,0.2,0.0,0.34285620042241505,0.00016763314039428922
0.21311177978066245,0.5,0.2,0.0,0.0002940230409040104,0.16965921551179947
0.21414191997194393,0.5,0.2,0.0,0.34481588672119967,0.17114397687191527
0.21514672525492406,0.5,0.2,0.0,0.34601052430650886,0.17285285315431267
0.21611316759269794,0.5,0.2,0.0,0.34700789147747946,0.17437663452321855
0.2170757014541431,0.5,0.2,0.0,0.3484018022224505,0.1763066241887599
0.21795048391682606,0.5,0.2,0.0,0.00029957064544936906,0.17777837887927897
0.21890035191929855,0.5,0.2,0.0,0.3506578948290738,0.1797944126667677
0.21975014047924893,0.5,0.2,0.0,0.3519656875251457,0.18203856342872168
0.22052403800698733,0.5,0.2,0.0,0.3530311480371063,0.18415264749470867
0.2212957834219714,0.5,0.2,0.0,0.3544200519187692,0.00018566238548140942
0.2219880195058092,0.5,0.2,0.0,0.3553813696739216,0.1885629090010364
0.22268383553179927,0.5,0.2,0.0,0.3565539770606752,0.19033381709227962
0.22342351793988036,0.5,0.2,0.0,0.00030819246406589226,0.192543950410673
0.22399661967147186,0.5,0.2,0.0,0.3588541300644097,0.19485613605974816
0.22455582609683952,0.5,0.2,0.0,0.3606716214452447,0.1966760692902405
0.9724258002868886,0.2,0.5,0.8333333333333333,0.0009652231085327145,0.6111275929108615
0.9713409145990095,0.2,0.5,0.8333333333333333,0.9726655304558383,0.5094714653952254
0.9750924565831576,0.2,0.5,0.8333333333333333,0.9908634758354057,0.5331706179134617
0.9728293259600969,0.2,0.5,0.8333333333333333,0.0009534870209385622,0.0005456769947876506
0.9801562174338732,0.2,0.5,0.8333333333333333,0.0009610874394402359,0.5614721304428384
0.9813715451838521,0.2,0.5,0.8333333333333333,0.0009928209390868816,0.0006345825840463355
0.9817911821556695,0.2,0.5,0.8333333333333333,0.0010041064089833063,0.6587530144087533
0.9835455387059558,0.2,0.5,0.8333333333333333,0.0010041064089833063,0.6587530144087533
0.9842544459959096,0.2,0.5,0.8333333333333333,0.9868259412637655,0.5455599709608429
0.9850172826313481,0.2,0.5,0.8333333333333333,0.0009525757718164906,0.5706678458477065
0.9946224291916284,0.2,0.5,0.8333333333333333,0.0009639413515258446,0.5909972704273511
0.9964437223144819,0.2,0.5,0.8333333333333333,0.0009708307954377702,0.6046662796604385
0.9975428079875981,0.2,0.5,0.8333333333333333,0.0009753670135948956,0.6129055045934261
0.9992464748540637,0.2,0.5,0.8333333333333333,0.0009777002118964637,0.6149915742941278
1.0,0.2,0.5,0.8333333333333333,0.0009777002118964637,0.6149915742941278
0.05156481809261978,0.3,0.2,0.8333333333333333,0.6044608027792338,0.49551430840491867
0.05175978837092608,0.3,0.2,0.8333333333333333,0.6142472178012175,0.048642160044950096
0.05165566022142026,0.3,0.2,0.8333333333333333,0.7682913784557596,0.6427027841264236
0.05181519245854645,0.3,0.2,0.8333333333333333,0.8901273888220494,0.12378169030509523
0.05182299244430982,0.3,0.2,0.8333333333333333,0.957466696197814,0.12510036649959158
0.05193885349113564,0.3,0.2,0.8333333333333333,0.09965182072281042,0.11797671361278271
0.052088498596996734,0.3,0.2,0.8333333333333333,0.1004709435600132,0.11739841707225245
0.05198794676423854,0.3,0.2,0.8333333333333333,0.11192965092689758,0.16877976454445326
0.0521809715778599,0.3,0.2,0.8333333333333333,0.1140876090126824,0.16892984150133827
0.052234619156889726,0.3,0.2,0.8333333333333333,0.12596489015212273,0.21202594044044018
0.05240051434185335,0.3,0.2,0.8333333333333333,0.12894898068374167,0.2178529284197625
0.052560726487382144,0.3,0.2,0.8333333333333333,0.1378862316886742,0.2649911000643009
0.052735479188668194,0.3,0.2,0.8333333333333333,0.1405168376707423,0.2579054666732362
0.05299567615365579,0.3,0.2,0.8333333333333333,9.19961064227622e-05,0.2527738352608145
0.05327244774397711,0.3,0.2,0.8333333333333333,0.14313943267151746,0.25513304502304696
0.053528954554508644,0.3,0.2,0.8333333333333333,0.14407972160077592,0.2576563389248071
0.05346511451262758,0.3,0.2,0.8333333333333333,0.14849577503850728,0.27165451694999565
0.053885149263851795,0.3,0.2,0.8333333333333333,0.14996478873309957,0.27443294167846033
0.05365679401106262,0.3,0.2,0.8333333333333333,0.16113610214609983,0.33613858327130447
0.05403754583437686,0.3,0.2,0.8333333333333333,0.16467695587757789,0.3526870690504925
0.054274820452893106,0.3,0.2,0.8333333333333333,0.00011625936601374432,0.3475504350728413
0.054612812295131256,0.3,0.2,0.8333333333333333,0.16706623104819626,0.34338930131494266
0.05495081138817884,0.3,0.2,0.8333333333333333,0.16805959272852042,0.34338930131494266
0.05471141815564783,0.3,0.2,0.8333333333333333,0.00012129627050167829,0.35708832593940715
0.05532129149729451,0.3,0.2,0.8333333333333333,0.17353409706958103,0.36429302038293393
0.05567381620943185,0.3,0.2,0.8333333333333333,0.1747848115239408,0.3703851443194198
0.05603342829777933,0.3,0.2,0.8333333333333333,0.17586929811647212,0.03764352013137005
0.0563956535053464,0.3,0.2,0.8333333333333333,0.17693776274641754,0.37986200389018576
0.05676569508550624,0.3,0.2,0.8333333333333333,0.17760768105703936,0.3823512803483853
0.05670319629835818,0.3,0.2,0.8333333333333333,0.1864678263670274,0.42754145309255615
0.05695955584494967,0.3,0.2,0.8333333333333333,0.19203645973828004,0.45142369949819205
0.05733759898337574,0.3,0.2,0.8333333333333333,0.00014457818488427567,0.4507723655053111
0.057782700725491944,0.3,0.2,0.8333333333333333,0.19643749258608717,0.4649536374178994
0.058180415745018636,0.3,0.2,0.8333333333333333,0.198090758850417,0.47709186169075973
0.05857538415792368,0.3,0.2,0.8333333333333333,0.1994346009623071,0.4852740573801309
0.05899164276009171,0.3,0.2,0.8333333333333333,0.20073037718643963,0.4927388852155917
0.059414934139874635,0.3,0.2,0.8333333333333333,0.00015163786214867617,0.49995958786785294
0.05985766682501752,0.3,0.2,0.8333333333333333,0.20215533048392076,0.5038085615554307
0.05978415956892218,0.3,0.2,0.8333333333333333,0.00015662469800352928,0.555194911592861
0.06038072927039653,0.3,0.2,0.8333333333333333,0.2088595204534472,0.5672010681436626
0.06082573617192508,0.3,0.2,0.8333333333333333,0.20982584507190769,0.5786469373887599
0.06129402237727444,0.3,0.2,0.8333333333333333,0.21079116831770656,0.585318358378822
0.06175648915546309,0.3,0.2,0.8333333333333333,0.2115081511434244,0.5882038380031979
0.061660567834639204,0.3,0.2,0.8333333333333333,0.21666822446873726,0.05588387347117518
0.0624585534939932,0.3,0.2,0.8333333333333333,0.2183755648567944,0.557579134181241
0.06294109508076393,0.3,0.2,0.8333333333333333,0.21925677279901745,0.559352043298576
0.06345635275484529,0.3,0.2,0.8333333333333333,0.22034025801888713,0.5708229253698209
0.06396093201682573,0.3,0.2,0.8333333333333333,0.22155592443009028,0.5819886509620663
0.06446256114196312,0.3,0.2,0.8333333333333333,0.22253026002984372,0.05901047673961307
0.06463393590864827,0.3,0.2,0.8333333333333333,0.226308439082125,0.06344074850685881
0.06522155412330967,0.3,0.2,0.8333333333333333,0.22817700046870248,0.6517414189830852
0.06574573080057762,0.3,0.2,0.8333333333333333,0.229459758848234,0.663984697125765
0.06630145748997965,0.3,0.2,0.8333333333333333,0.00018063761442910713,0.6728392375819812
0.0668526007977088,0.3,0.2,0.8333333333333333,0.23123619394994271,0.679952885338331
0.06741645390431589,0.3,0.2,0.8333333333333333,0.23191312186919585,0.6859269487354006
0.06798651406635711,0.3,0.2,0.8333333333333333,0.23284239569917653,0.6901561173804205
0.06856162137184396,0.3,0.2,0.8333333333333333,0.23391186170178357,0.6926453938386199
0.06805544221875721,0.3,0.2,0.8333333333333333,0.23437349449878905,0.7100803341764755
0.06915276667025676,0.3,0.2,0.8333333333333333,0.2355481046308659,0.718600703275361
0.06974615051107265,0.3,0.2,0.8333333333333333,0.2365264457212658,0.07250039413748442
0.07005848862691766,0.3,0.2,0.8333333333333333,0.00019229359221033007,0.7020942390441007
0.07078965553935829,0.3,0.2,0.8333333333333333,0.24410883951503043,0.7142574761431085
0.07133745977682521,0.3,0.2,0.8333333333333333,0.24595637207571394,0.07319875224352271
0.07189024582794454,0.3,0.2,0.8333333333333333,0.2486060041383528,0.7644402089863209
0.07237176671826827,0.3,0.2,0.8333333333333333,0.2509271859679812,0.796565682377128
0.07287401027699889,0.3,0.2,0.8333333333333333,0.2523631543647401,0.8144728648726484
0.07344913650709839,0.3,0.2,0.8333333333333333,0.2533765434982966,0.828532074193637
0.07406313077379086,0.3,0.2,0.8333333333333333,0.2543598914520046,0.8407943620841889
0.07466781681384511,0.3,0.2,0.8333333333333333,0.2551870252705003,0.850450313490171
0.07527771357560631,0.3,0.2,0.8333333333333333,0.25598311653648587,0.08577820276962496
0.07589736267608482,0.3,0.2,0.8333333333333333,0.25659395386007233,0.8701093943290624
0.0765343285947529,0.3,0.2,0.8333333333333333,0.25737602590879527,0.8768558537975669
0.07716989032166187,0.3,0.2,0.8333333333333333,0.2579217740093766,0.8850380494869382
0.07781486171403329,0.3,0.2,0.8333333333333333,0.0002088763234867091,0.891641435589879
0.07845645314157713,0.3,0.2,0.8333333333333333,0.2593467273068577,0.8982688340059214
0.07912370728651785,0.3,0.2,0.8333333333333333,0.2599635728664138,0.9039587516979554
0.07978351427008325,0.3,0.2,0.8333333333333333,0.26054036351950527,0.9112634974460722
0.0804508425182966,0.3,0.2,0.8333333333333333,0.2609529290560915,0.9178578789315999
0.08113277672456848,0.3,0.2,0.8333333333333333,0.26164187344728407,0.9191935638478765
0.08181053257938367,0.3,0.2,0.8333333333333333,0.26199135250618844,0.9281141381651221
0.08249651186723446,0.3,0.2,0.8333333333333333,0.2627674163189417,0.9308525423717507
0.0822174274862212,0.3,0.2,0.8333333333333333,0.2639710662582054,0.8544683738825058
0.08372702658263355,0.3,0.2,0.8333333333333333,0.26565337232972214,0.8583543665527819
0.0844131164453285,0.3,0.2,0.8333333333333333,0.26657463517840985,0.8687737094127858
0.0850819109522299,0.3,0.2,0.8333333333333333,0.26853732559517934,0.8952492856333948
0.08568853890407248,0.3,0.2,0.8333333333333333,0.270261689318484,0.9178818912447015
0.08631280575506065,0.3,0.2,0.8333333333333333,0.2723024868028596,0.9431148302623026
0.0869402071309763,0.3,0.2,0.8333333333333333,0.2734100049666081,0.9599044396855526
0.08760727181226595,0.3,0.2,0.8333333333333333,0.2744213913548414,0.9735674458403647
0.08830220193435682,0.3,0.2,0.8333333333333333,0.00022514862923798685,0.9876896874832449
0.08898304938930757,0.3,0.2,0.8333333333333333,0.275923450347267,0.9958518729116981
0.08968057406854583,0.3,0.2,0.8333333333333333,0.2767265512218839,0.10064582663170078
0.0903824645326652,0.3,0.2,0.8333333333333333,0.27755668915836446,0.101615323773178
0.09108227626222186,0.3,0.2,0.8333333333333333,0.2784128627840471,0.10274890505418284
0.0917910072124894,0.3,0.2,0.8333333333333333,0.278967623238583,0.10372940783916497
0.09249885196882528,0.3,0.2,0.8333333333333333,0.27975069665996755,0.10460485675432757
0.09321560644731171,0.3,0.2,0.8333333333333333,0.2809142916927666,0.10537425128662477
0.0939283713129116,0.3,0.2,0.8333333333333333,0.2810044152323121,0.10682299417708814
0.09464926477095935,0.3,0.2,0.8333333333333333,0.28204984829104035,0.10742230149158231
0.09537138122303793,0.3,0.2,0.8333333333333333,0.2827608228807885,0.1081186585715288
0.05138446979666093,0.45,0.15,1.0,0.02556926984371637,0.3779520244855624
0.05140380625531617,0.45,0.15,1.0,0.04305123377022756,0.4352934281721903
0.051458727801567294,0.45,0.15,1.0,0.4592407380188615,0.40192731860446707
0.05147381187800131,0.45,0.15,1.0,0.6548088188326795,0.9470088270369459
0.051540035115934135,0.45,0.15,1.0,0.7213149841539785,0.9452359179196109
0.051629858070957595,0.45,0.15,1.0,0.7522363705720527,0.9005029796374163
0.05171108693156614,0.45,0.15,1.0,0.8998016501059322,0.15809928777946947
0.05181986799800746,0.45,0.15,1.0,0.9295624456091922,0.1420280467231758
0.052138488215164494,0.45,0.15,1.0,0.9480507890606286,0.14976101205493783
0.05240305604059979,0.45,0.15,1.0,0.9607241614660544,0.14933079144520078
0.052186316222017456,0.45,0.15,1.0,0.11022731740214853,0.21271229238992767
0.05246924976773814,0.45,0.15,1.0,0.11138890968962435,0.21181583270080115
0.052338668852637237,0.45,0.15,1.0,0.12208256834303327,0.29625413120954197
0.052587938630251484,0.45,0.15,1.0,0.12460803019563158,0.028943058684222575
0.05298516414763185,0.45,0.15,1.0,0.12523388810914227,0.2644098019846329
0.0535648740494366,0.45,0.15,1.0,0.12700231222955805,0.27338240298026517
0.053922023690385,0.45,0.15,1.0,0.12856845907232717,0.28292729743815237
0.05426818509214443,0.45,0.15,1.0,0.12974707469505048,0.2895446907237358
0.05430193507237529,0.45,0.15,1.0,0.13562713496406606,0.3408229853522089
0.05482176372924533,0.45,0.15,1.0,0.13818564211449771,0.035629487369973095
0.05525329297117464,0.45,0.15,1.0,0.139735766994681,0.3605350933825331
0.055718459153215424,0.45,0.15,1.0,0.14117073401877828,0.3617637234028984
0.055468590458740155,0.45,0.15,1.0,0.15465722102543725,0.44011289951429117
0.05581666723432529,0.45,0.15,1.0,0.1564817220149036,0.45084340193156996
0.056190532891391795,0.45,0.15,1.0,0.00010758747876414031,0.43021482395120125
0.056937272802348025,0.45,0.15,1.0,0.00010812822000141354,0.4231892213428906
0.05764686152337411,0.45,0.15,1.0,0.16009767869600292,0.42391159176203047
0.0571543595721628,0.45,0.15,1.0,0.16246191955008085,0.45627818879689946
0.058138839603602284,0.45,0.15,1.0,0.16564328049603835,0.4827137444956725
0.0586459931929717,0.45,0.15,1.0,0.16760396816748463,0.49679296407757906
0.05918162179869331,0.45,0.15,1.0,0.16889573890097068,0.5055204393769658
0.05975833675365254,0.45,0.15,1.0,0.17009938884023443,0.5179798283375601
0.0602892142664786,0.45,0.15,1.0,0.17106270934071005,0.5313586887873365
0.06081186160301626,0.45,0.15,1.0,0.17214218906993328,0.5364963232780336
0.06068099783383852,0.45,0.15,1.0,0.17703890138524087,0.6088324159835666
0.061250101034047835,0.45,0.15,1.0,0.17882334746824252,0.6269136877490736
0.061724922611483504,0.45,0.15,1.0,0.18000496720895068,0.6364825945200624
0.062269035099316306,0.45,0.15,1.0,0.1806618676749715,0.6465417526835423
0.06276552463318752,0.45,0.15,1.0,0.18158413189632083,0.6509350054680897
0.06263930464492537,0.45,0.15,1.0,0.19449983648585809,0.7233621448607996
0.0630551920781574,0.45,0.15,1.0,0.18910143646708036,0.5977777473394162
0.06504717505623482,0.45,0.15,1.0,0.19154678850674928,0.6228546063218569
0.06586560633056643,0.45,0.15,1.0,0.19419441782406488,0.6522907006452844
0.06626475033962058,0.45,0.15,1.0,0.19625624413433446,0.6754105561099444
0.06685647990825927,0.45,0.15,1.0,0.1975930766375933,0.6931506529267996
0.06755846158756157,0.45,0.15,1.0,0.19910715210195834,0.7104825404209273
0.06823848520554202,0.45,0.15,1.0,0.2000314190686309,0.7234111700000487
0.06897419242984731,0.45,0.15,1.0,0.20077844307419726,0.7323127345694221
0.06974227879634783,0.45,0.15,1.0,0.20137125568987457,0.7408961359901993
0.07051386048805439,0.45,0.15,1.0,0.20220439774434,0.7508572438751809
0.07124125335417353,0.45,0.15,1.0,0.20332192963470466,0.7615157093531549
0.07193583630750772,0.45,0.15,1.0,0.2040208877525134,0.772494339005817
0.07267214919192679,0.45,0.15,1.0,0.20499221923428199,0.7941524449104169
0.07323156154028301,0.45,0.15,1.0,0.20677566394462202,0.8265500578497088
0.07352103459105136,0.45,0.15,1.0,0.20683674767698065,0.8065778164274505
0.07462544620123675,0.45,0.15,1.0,0.20880344358439662,0.8453657061909065
0.07484013041533853,0.45,0.15,1.0,0.20940426718136687,0.8414997237815485
0.07562162157080327,0.45,0.15,1.0,0.20986389723304913,0.8592918472767903
0.07616189221724619,0.45,0.15,1.0,0.20872533651679048,0.8404561886746746
0.07620210651163069,0.45,0.15,1.0,0.21112362404136342,0.8727527497963306
0.07724529112664646,0.45,0.15,1.0,0.21230324103674836,0.8981387673099543
0.07740569447602058,0.45,0.15,1.0,0.2131143528926582,0.9010482592474319
0.078004156058698,0.45,0.15,1.0,0.00016041990039105804,0.8589216574498073
0.07836719205177836,0.45,0.15,1.0,0.21228922181948573,0.8895323540891216
0.07882632686549806,0.45,0.15,1.0,0.22535513230826554,0.9208984380780904
0.0868626568235287,0.45,0.15,1.0,0.22732883782431282,0.9438111873422491
0.08429433818033459,0.45,0.15,1.0,0.22825510753630862,0.9620005145167133
0.08516246737276956,0.45,0.15,1.0,0.00017972636530703558,0.9809082100581339
0.08603841185017588,0.45,0.15,1.0,0.23076755154430592,0.9977618523163214
0.08691926519809148,0.45,0.15,1.0,0.23186004911813016,0.10151727349467979
0.08778375564430943,0.45,0.15,1.0,0.23281836275529771,0.10312709898553309
0.08864034821883636,0.45,0.15,1.0,0.23383876149748553,0.10463087009352097
0.08948442814399446,0.45,0.15,1.0,0.23481109435191572,0.10621168070604317
0.09029785019661392,0.45,0.15,1.0,0.23563622542508822,0.10775947438805066
0.09108179306827976,0.45,0.15,1.0,0.23681984791111962,0.10921722189592714
0.09184909685491577,0.45,0.15,1.0,0.2372924958074029,0.11096511818711466
0.09260957552711967,0.45,0.15,1.0,0.23854321026176262,0.112253778990234
0.09333353941293936,0.45,0.15,1.0,0.23960065979243028,0.11368551315891709
0.09403122513265563,0.45,0.15,1.0,0.24020148338940053,0.00011446587713515666
0.09476015372021741,0.45,0.15,1.0,0.24139211548406325,0.11630585682612951
0.09549198850471693,0.45,0.15,1.0,0.24219922184932663,0.11799472284760891
0.09614293615925755,0.45,0.15,1.0,0.2432576727526559,0.11895621588471893
0.09687194682598238,0.45,0.15,1.0,0.24367824927053508,0.1203129115749595
0.09761646400130009,0.45,0.15,1.0,0.24442226915811657,0.12123438409023352
0.09838466195775812,0.45,0.15,1.0,0.24477475233500579,0.12199877605730121
0.09914947066835252,0.45,0.15,1.0,0.00019562816317351497,0.12287722651160152
0.09991834193497658,0.45,0.15,1.0,0.24631286074324965,0.12345452253908588
0.10071314637419017,0.45,0.15,1.0,0.2469667570912856,0.12446404020239911
0.1014853216896668,0.45,0.15,1.0,0.2478329444435844,0.12531847834359783
0.10223837981096613,0.45,0.15,1.0,0.24802220387663002,0.12635200832001264
0.10298625396604542,0.45,0.15,1.0,0.24866909061603465,0.00012665212603422016
0.10375392471614799,0.45,0.15,1.0,0.24914273988497954,0.12833202363784899
0.104541570866235,0.45,0.15,1.0,0.24978161564309123,0.12946060235362433
0.10533282545415548,0.45,0.15,1.0,0.25032536099834934,0.13048012514739654
0.10613198596216551,0.45,0.15,1.0,0.25071589633638,0.13168974541988981
0.10693519938262862,0.45,0.15,1.0,0.0002018166462223086,0.1325251738132164
0.1077652014986889,0.45,0.15,1.0,0.2519225503936286,0.13350867813733625
0.10856959317568853,0.45,0.15,1.0,0.2525273794812453,0.13437112038290214
0.10940207419848534,0.45,0.15,1.0,0.2529129079559679,0.1354796888377595
0.11021421981860828,0.45,0.15,1.0,0.2536389031356403,0.1364151685356761
0.11105367263971255,0.45,0.15,1.0,0.25395433552404967,0.00013656721031909039
0.11188562594859722,0.45,0.15,1.0,0.25479749130513124,0.1380019822264737
0.11274788713344817,0.45,0.15,1.0,0.2550868880043386,0.13851624593206635
0.11362142260192107,0.45,0.15,1.0,0.25581989279264233,0.0001383081030189566
0.11451272567140737,0.45,0.15,1.0,0.2560582194861072,0.14031216684945708
0.11536515664384747,0.45,0.15,1.0,0.2570145303779515,0.14102853419032155
0.11625685945045905,0.45,0.15,1.0,0.25695745213623933,0.1420280467231758
0.1171415709540858,0.45,0.15,1.0,0.2578777136122654,0.00014192996024511503
0.11805415993485749,0.45,0.15,1.0,0.2577475351662552,0.14359685117914717
0.11894992776277395,0.45,0.15,1.0,0.0002090866117456487,0.14421116618932986
0.11988126436396503,0.45,0.15,1.0,0.25883402450410975,0.14518866743517428
0.12055838620800147,0.45,0.15,1.0,0.2635845364108212,0.0001399889649360688
0.12335492168603224,0.45,0.15,1.0,0.00021933065407399156,0.1478940547112882
0.12343388133331368,0.45,0.15,1.0,0.2710427599945453,0.15087158153588698
0.12395959489215379,0.45,0.15,1.0,0.27208919442593515,0.1536209913860205
0.12486944669235613,0.45,0.15,1.0,0.27164859045482365,0.00015506669653778368
0.05186730235841509,0.3,0.2,0.0,0.2829831276116675,0.7879482635127902
0.05219398562070255,0.3,0.2,0.0,0.28849968960451605,0.820266835921456
0.05214429343073864,0.3,0.2,0.0,0.389207738183347,0.13748171544260562
0.05216582601456169,0.3,0.2,0.0,0.3978776226876277,0.12134344001223663
0.05235270467954831,0.3,0.2,0.0,0.41200598957038326,0.12860316267328792
0.052501929891033854,0.3,0.2,0.0,0.41834567989108107,0.13360472738974266
0.052479818257567715,0.3,0.2,0.0,0.050590568539542635,0.18061083131222222
0.05258051010345649,0.3,0.2,0.0,0.5064804933306478,0.14434623545052636
0.05289862957971254,0.3,0.2,0.0,0.521726392103768,0.15132981651090924
0.05310020026986594,0.3,0.2,0.0,0.5338359917007035,0.1623374610419024
0.05327077918770528,0.3,0.2,0.0,0.540181690257371,0.16540903609281576
0.053146013204263196,0.3,0.2,0.0,0.6364085961754654,0.22791008555715053
0.0532667512905448,0.3,0.2,0.0,0.6513650982493783,0.23066850002469716
0.053510597172654155,0.3,0.2,0.0,0.657357312256495,0.02213156586773454
0.05384950319694839,0.3,0.2,0.0,0.6701848960518099,0.0234462400100473
0.054043434724292135,0.3,0.2,0.0,0.681286113378497,0.2439723219960311
0.0542559681307852,0.3,0.2,0.0,0.686772634191497,0.24567919725233672
0.05406377571008931,0.3,0.2,0.0,0.7719433845526771,0.2973576970991698
0.05427460162346375,0.3,0.2,0.0,0.7758407269516908,0.2873295548401129
0.054649378634770686,0.3,0.2,0.0,0.7717230825671213,0.2471499514298099
0.05521749543486173,0.3,0.2,0.0,0.7868508193661707,0.2627669595632649
0.055437940127043325,0.3,0.2,0.0,0.7973191691707159,0.27639694878756227
0.055681085653467396,0.3,0.2,0.0,0.8047373378479752,0.2858427924539053
0.05588753925623225,0.3,0.2,0.0,0.9016952458090501,0.3464228568701119
0.055860040053816576,0.3,0.2,0.0,0.9197399811713901,0.36668624758872703
0.056055865782622394,0.3,0.2,0.0,0.9253797120016176,0.349546458599412
0.05661558462269429,0.3,0.2,0.0,0.9318455752776791,0.34397360093374835
0.05704471863222815,0.3,0.2,0.0,0.9436828015106548,0.355927730806163
0.057307621309272076,0.3,0.2,0.0,0.9537145528347348,0.3678328355393286
0.05760664454619013,0.3,0.2,0.0,0.9601443666949782,0.3793057186366653
0.05781560083834654,0.3,0.2,0.0,5.457481005813149e-05,0.42285805152469763
0.05786892967179274,0.3,0.2,0.0,5.604682787070861e-05,0.44086328429871624
0.058103217899418635,0.3,0.2,0.0,0.10563902786661901,0.415321186749932
0.058806302571855276,0.3,0.2,0.0,0.10489701072436074,0.03826984129810352
0.05957390646949468,0.3,0.2,0.0,0.1063239667671651,0.39188416864972164
0.05990393866314522,0.3,0.2,0.0,0.10724222549786797,0.40559319840464514
0.060254207068396286,0.3,0.2,0.0,0.10791514792647466,0.41247772867348387
0.060704932465817915,0.3,0.2,0.0,0.10851196603279845,0.4208290110676122
0.0607910986201088,0.3,0.2,0.0,0.11756637763914018,0.4804795988641775
0.06082022461413387,0.3,0.2,0.0,0.119852511425612,0.5067250570842295
0.06100515592922509,0.3,0.2,0.0,7.115754133451053e-05,0.5221759800520651
0.061356315676482504,0.3,0.2,0.0,0.12089393899369379,0.48967131221686194
0.062261455248127984,0.3,0.2,0.0,0.12189831577329573,0.4890660018240924
0.0627847621182937,0.3,0.2,0.0,7.282983367941107e-05,0.4973272380440897
0.0631475311365699,0.3,0.2,0.0,0.12345645163477191,0.5084349338796729
0.06355628145303892,0.3,0.2,0.0,0.12407730268497451,0.5165530967341064
0.0640247126020693,0.3,0.2,0.0,0.1246981537351771,0.5279189249355319
0.06426309782706978,0.3,0.2,0.0,0.13268510208423503,0.5720755677032879
0.06431455522659558,0.3,0.2,0.0,0.13480901349952487,0.5904109697824536
0.06455599311488483,0.3,0.2,0.0,0.13552199083459626,0.6046442683734288
0.0649505301771354,0.3,0.2,0.0,0.13440245619890834,0.5517151272192204
0.06617021385089455,0.3,0.2,0.0,0.1343704122737366,0.5417099967602192
0.06689081256353793,0.3,0.2,0.0,0.13458070053267618,0.5417350095863667
0.06743898840498946,0.3,0.2,0.0,0.13497223724336846,0.5477781083836034
0.06799584092757557,0.3,0.2,0.0,0.13612381580422814,5.5455617687967415e-05
0.06841100465751586,0.3,0.2,0.0,0.13663952272496094,0.569269128609538
0.06899403339982443,0.3,0.2,0.0,0.13731645064421408,0.5792532482945754
0.06913137366451572,0.3,0.2,0.0,0.14684651426482395,0.6424516553519026
0.06908704758110534,0.3,0.2,0.0,0.1491056109894321,0.6693734603909831
0.0693016790818224,0.3,0.2,0.0,0.15072983744657503,0.6852465998641886
0.06967985403996435,0.3,0.2,0.0,0.15175023618876285,0.06997109715744891
0.07007830385652124,0.3,0.2,0.0,0.1524632135238342,0.7004724073966966
0.07071934436756269,0.3,0.2,0.0,0.1512615663298937,0.6529010136032835
0.0720352354065787,0.3,0.2,0.0,0.15217481819728848,0.6597865443851681
0.07256622052141708,0.3,0.2,0.0,0.1528918010230063,0.6718567337709072
0.07297634312608357,0.3,0.2,0.0,0.15374296778538085,0.6869624797379073
0.0734283553971673,0.3,0.2,0.0,0.1546011441563867,0.6994238697245933
0.07392400593987647,0.3,0.2,0.0,0.15527106246700853,0.7099362602978658
0.07443498135840167,0.3,0.2,0.0,0.15579678311435752,0.7130558599749824
0.07397218619105275,0.3,0.2,0.0,0.16333311376568774,0.7535186085772753
0.07446122051515021,0.3,0.2,0.0,0.16531983712633605,0.7713127330986089
0.07476910083334211,0.3,0.2,0.0,0.00011668995625823967,0.7860292794907539
0.07520312522382115,0.3,0.2,0.0,0.16700614868849922,0.7982955694334893
0.0757043622976913,0.3,0.2,0.0,0.16775217132140396,0.8005207104475712
0.07632113442199416,0.3,0.2,0.0,0.1648541988386841,0.7222705851277226
0.07813810823765513,0.3,0.2,0.0,0.16547605126154832,0.722606757511145
0.07884603391302454,0.3,0.2,0.0,0.16593167582258408,0.7300905950944779
0.0793869566247618,0.3,0.2,0.0,0.1663963127375744,0.7397725598396534
0.08004717182889955,0.3,0.2,0.0,0.16674579179647878,0.7474274851538353
0.0807342934092719,0.3,0.2,0.0,0.16740469500782282,0.7558558070524979
0.08137794544435485,0.3,0.2,0.0,0.16799450350551529,0.7643881823079341
0.082006080312155,0.3,0.2,0.0,0.18380417508712593,0.8920286341386423
0.0844542543478214,0.3,0.2,0.0,0.18450113045961145,0.9085681153004173
0.08360128485776308,0.3,0.2,0.0,0.18447910026105585,0.9178838922707934
0.08416877286765817,0.3,0.2,0.0,0.18573782569670855,0.9191965653870142
0.08478629733595007,0.3,0.2,0.0,0.18592408101176933,0.9190044668822015
0.08552225471318159,0.3,0.2,0.0,0.18321837208007993,0.8532437459143241
0.08738513847907031,0.3,0.2,0.0,0.18453818124809127,0.8708917955309563
0.08787592604889402,0.3,0.2,0.0,0.1854774688046881,0.8834112152743046
0.08831657202358381,0.3,0.2,0.0,0.18621447908363828,0.8981607785969642
0.08892693240210157,0.3,0.2,0.0,0.18689340974821467,0.9105721429313552
0.08954957101131847,0.3,0.2,0.0,0.18717980232943715,0.9161209882839173
0.08965127688290954,0.3,0.2,0.0,0.20053010265411622,1.0
0.0931155206240772,0.3,0.2,0.0,0.1999132570945601,0.10138220423348328
0.09219398109909778,0.3,0.2,0.0,0.20021667301103008,0.10128515446803096
0.09294473687087078,0.3,0.2,0.0,0.20056815481525767,0.10127314831148017
0.09369536553595402,0.3,0.2,0.0,0.20067329894472746,0.10094698105851672
0.09453753755562017,0.3,0.2,0.0,0.2006392522742325,0.10043771991815356
0.09543169120833571,0.3,0.2,0.0,0.19783741156702786,0.09374628866717354
0.0973552739654495,0.3,0.2,0.0,0.00014864375789044106,0.9464585448617008
0.0980517894045197,0.3,0.2,0.0,0.19873564284449838,0.9524486164675049
0.0987599107792363,0.3,0.2,0.0,0.1991051493566351,0.9606668306265285
0.0995713635845158,0.3,0.2,0.0,0.00014964513055205816,0.9681676769316417
0.10038759286052394,0.3,0.2,0.0,0.19979309237516604,0.09713102430145365
0.10074899379607215,0.3,0.2,0.0,0.21666822446873726,0.11138533366639271
0.10355856470683346,0.3,0.2,0.0,0.21740623612034907,0.1130141689051181
0.10260818508724578,0.3,0.2,0.0,0.21770464517351096,0.11416175736876555
0.10317072340457434,0.3,0.2,0.0,0.2179419704943142,0.11527332736276058
0.10377368563718872,0.3,0.2,0.0,0.2187620947041786,0.11580159825099584
0.10444752322708241,0.3,0.2,0.0,0.21971840559602293,0.11517527708426237
0.1052791571378106,0.3,0.2,0.0,0.21925276730837098,0.00011541636452876178
0.10606434642362181,0.3,0.2,0.0,0.21960925597590666,0.11576157772915985
0.10694726045158456,0.3,0.2,0.0,0.21962627931115414,0.11596968444270707
0.10777962683908393,0.3,0.2,0.0,0.219817541489523,0.11559249102440272
0.10869000171268037,0.3,0.2,0.0,0.21838758132873382,0.00010992354790677011
0.11044173383248447,0.3,0.2,0.0,0.21921771926521438,0.11179254247607405
0.11107844017217405,0.3,0.2,0.0,0.2197404357945785,0.11251091084303035
0.11174866272599765,0.3,0.2,0.0,0.2203332484102558,0.11344338900180925
0.11195260392328622,0.3,0.2,0.0,0.2336024375493439,0.1219087298831702
0.11595081684992357,0.3,0.2,0.0,0.00018377191085996864,0.1227411567373591
0.11496241819102207,0.3,0.2,0.0,0.23363147735653078,0.1227481603286804
0.1158204629576667,0.3,0.2,0.0,0.23338413830911137,0.12246901718887426
0.11676577998958462,0.3,0.2,0.0,0.23325295849043953,0.00012175961723976856
0.11766722237348887,0.3,0.2,0.0,0.23291549590347457,0.12227291663187784
0.11865441805059361,0.3,0.2,0.0,0.23298559198978777,0.1219137324483997
0.05261363013336188,0.3,0.1,0.8333333333333333,0.17000025294673432,0.45610610055300466
0.052621443098074185,0.3,0.1,0.8333333333333333,0.28061888675758956,0.5592649986635828
0.05265304495349582,0.3,0.1,0.8333333333333333,0.31119279686208257,0.45557382761258575
0.05269250632382647,0.3,0.1,0.8333333333333333,0.42753227268875627,0.7020402113396221
0.05275597302152869,0.3,0.1,0.8333333333333333,0.4708166059871551,0.6563697923334192
0.052870971004505045,0.3,0.1,0.8333333333333333,0.0,0.604971436139438
0.05299989626977493,0.3,0.1,0.8333333333333333,0.5920107364773484,0.9574781955492447
0.05309929457125689,0.3,0.1,0.8333333333333333,0.610971727825068,0.9441003356125143
0.05323357985240038,0.3,0.1,0.8333333333333333,0.7118930687808234,0.13772083806057575
0.05335321204522386,0.3,0.1,0.8333333333333333,0.7395549871853339,0.1487925154265065
0.05349110453156323,0.3,0.1,0.8333333333333333,0.7481267371687762,0.14338474241341634
0.053545635259184717,0.3,0.1,0.8333333333333333,0.8049496288522381,0.1811791227222935
0.053883109828676314,0.3,0.1,0.8333333333333333,0.8179334267827653,0.1688407958402532
0.05434013530941738,0.3,0.1,0.8333333333333333,0.8319746742439601,0.1755912573609413
0.05465884804690306,0.3,0.1,0.8333333333333333,0.08426072291375572,0.183768450485083
0.05494820232941254,0.3,0.1,0.8333333333333333,0.8526540210790147,0.19275005609812842
0.05524597132131102,0.3,0.1,0.8333333333333333,0.8592170175032531,0.19487614632066616
0.0551513804515141,0.3,0.1,0.8333333333333333,0.8982054620833145,0.2277570070611278
0.055631703653131984,0.3,0.1,0.8333333333333333,0.9157635303321087,0.23713481584034968
0.05586473176258269,0.3,0.1,0.8333333333333333,0.10104372872245818,0.02872794837935405
0.05597339848375892,0.3,0.1,0.8333333333333333,0.10234751592788363,0.2891144701139987
0.056393644668586825,0.3,0.1,0.8333333333333333,0.10256681654077777,0.2723238601777029
0.05706866812836691,0.3,0.1,0.8333333333333333,0.10360023312756661,0.27226583042104063
0.05752348856544458,0.3,0.1,0.8333333333333333,0.10435126262377943,0.28108135086846664
0.0579234564839771,0.3,0.1,0.8333333333333333,0.1052454884106035,2.754130370735399e-05
0.057657501941233494,0.3,0.1,0.8333333333333333,5.775917512207383e-05,0.3036779380101209
0.058411206254671465,0.3,0.1,0.8333333333333333,0.10944123986277911,0.32327298601407484
0.05883733139580567,0.3,0.1,0.8333333333333333,0.11059281842363876,0.3336342991174165
0.05928598487442544,0.3,0.1,0.8333333333333333,0.11143497283205873,0.34075695149117946
0.05974609651719496,0.3,0.1,0.8333333333333333,6.233544818566395e-05,0.34787059924752933
0.06021452244564251,0.3,0.1,0.8333333333333333,6.287618942293717e-05,0.03517225290799674
0.06030330034149921,0.3,0.1,0.8333333333333333,0.11608334472728528,0.3982484321346923
0.06071442906848572,0.3,0.1,0.8333333333333333,0.11741416899457438,0.40499989416842636
0.06117605874072277,0.3,0.1,0.8333333333333333,0.1177606439354939,0.4121665691162089
0.06168989866403135,0.3,0.1,0.8333333333333333,0.11852469127630774,0.4146058199221134
0.061414753502778946,0.3,0.1,0.8333333333333333,0.12675797730012348,0.45967192904859266
0.06184659373192579,0.3,0.1,0.8333333333333333,0.12615414958516835,0.4352704163721346
0.06275743932807208,0.3,0.1,0.8333333333333333,0.12374384558865602,0.38794014622278333
0.06412808383957606,0.3,0.1,0.8333333333333333,0.12499756416100062,0.39384717524577767
0.06470918118377006,0.3,0.1,0.8333333333333333,0.12621823743551186,0.40231151561409273
0.06524029253520101,0.3,0.1,0.8333333333333333,0.12691619418065897,0.04094521318284045
0.06589827942057698,0.3,0.1,0.8333333333333333,0.12758911660926564,0.4157594114640363
0.06659009771277398,0.3,0.1,0.8333333333333333,7.851763039739614e-05,0.4213392727210213
0.06727878314772966,0.3,0.1,0.8333333333333333,7.907839908790171e-05,0.4297856038545101
0.06795254576425357,0.3,0.1,0.8333333333333333,0.12937155994694408,0.4347561526665419
0.06864662058086111,0.3,0.1,0.8333333333333333,0.1298462105885506,0.43995681947913073
0.06934744445090962,0.3,0.1,0.8333333333333333,0.13021972259133374,0.4443590768810913
0.07004792057213663,0.3,0.1,0.8333333333333333,0.1308776244300162,0.44896543894441543
0.0707361004806571,0.3,0.1,0.8333333333333333,0.1313062119291883,0.45244822485719377
0.07146497077171084,0.3,0.1,0.8333333333333333,0.1319460890599616,0.455521800934199
0.07217454419352899,0.3,0.1,0.8333333333333333,0.13247781794328028,0.45939978950010785
0.07287672614018845,0.3,0.1,0.8333333333333333,0.132800259940321,0.4665424521347888
0.0735754851972284,0.3,0.1,0.8333333333333333,0.13325488312869516,0.4697651046556331
0.0743003055486609,0.3,0.1,0.8333333333333333,0.13343613158044784,0.04752458697267966
0.07501628150773612,0.3,0.1,0.8333333333333333,0.1340069139975696,0.47738701303930026
0.07576018729480055,0.3,0.1,0.8333333333333333,0.13485407526929766,0.4794170540094316
0.07532487813339413,0.3,0.1,0.8333333333333333,0.14669831111090462,0.5784928583796913
0.08043437288468375,0.3,0.1,0.8333333333333333,9.837485027726308e-05,0.5976596868
0.07869514319060715,0.3,0.1,0.8333333333333333,0.1488372431161187,0.6132306713333436
0.07920302548632684,0.3,0.1,0.8333333333333333,0.1495512218238517,0.6267536056617297
0.07976097911683683,0.3,0.1,0.8333333333333333,0.15033930210854435,0.6390238976566488
0.08032286812417866,0.3,0.1,0.8333333333333333,0.1507748992163478,0.6506338510412738
0.08091669600456562,0.3,0.1,0.8333333333333333,0.15143680654567668,0.6598555797853353
0.08151203879657204,0.3,0.1,0.8333333333333333,0.15224291153827846,6.620112780093474e-05
0.08209421904915817,0.3,0.1,0.8333333333333333,0.15286776807912753,0.6795266667807776
0.08267020116480579,0.3,0.1,0.8333333333333333,0.15313413320711766,0.6952297190361799
0.08314075520582848,0.3,0.1,0.8333333333333333,0.15409244684428522,0.7048476509464179
0.08362705931013363,0.3,0.1,0.8333333333333333,0.15458612356646245,0.7153500363892314
0.08418154212317361,0.3,0.1,0.8333333333333333,0.15487852438365463,0.7231060135210492
0.08477056880757168,0.3,0.1,0.8333333333333333,0.15546132327271578,0.7305828475130608
0.08537418999374934,0.3,0.1,0.8333333333333333,0.15605313451573147,0.7380596815050724
0.0859870673457533,0.3,0.1,0.8333333333333333,0.15636255866817117,0.7443939295986661
0.08660625950021993,0.3,0.1,0.8333333333333333,0.1567170445903836,0.7500908508820214
0.08723323220828058,0.3,0.1,0.8333333333333333,0.1571746718967426,0.7559938778528321
0.08787002599273222,0.3,0.1,0.8333333333333333,0.15772943235127848,0.7608713789515952
0.0885100397891548,0.3,0.1,0.8333333333333333,0.15808491964615257,0.7663081668430165
0.08916276258686623,0.3,0.1,0.8333333333333333,0.15842839046908722,0.7718940311782769
0.08982253614420008,0.3,0.1,0.8333333333333333,0.15885397385027447,0.776700495850781
0.09048332981791615,0.3,0.1,0.8333333333333333,0.1591543856487596,0.7819291770286552
0.09115452673551434,0.3,0.1,0.8333333333333333,0.1595519305954216,0.7860803056560948
0.09183064550257072,0.3,0.1,0.8333333333333333,0.15991643024425023,0.7904675553623668
0.09250841868682054,0.3,0.1,0.8333333333333333,0.16030396146429604,0.7946106798854392
0.05226246842838591,0.4,0.15,0.8333333333333333,0.5012002552859408,0.0
0.05226324687528902,0.4,0.15,0.8333333333333333,0.24699379415314926,0.38627329148831374
0.05228071864327665,0.4,0.15,0.8333333333333333,0.3530381576457376,0.3734477147529201
0.052330967187850054,0.4,0.15,0.8333333333333333,0.036402119297090064,0.332116520826786
0.052320908647449454,0.4,0.15,0.8333333333333333,0.5153496509945904,0.7479477519377034
0.05238500420785574,0.4,0.15,0.8333333333333333,0.5739289503265286,0.6963743059606897
0.052462606793639524,0.4,0.15,0.8333333333333333,0.5802065555422061,0.6747672262214307
0.05241050776998505,0.4,0.15,0.8333333333333333,0.07108966829550611,0.11118122900502908
0.05252525676016471,0.4,0.15,0.8333333333333333,0.7565002153652183,0.11122024901381919
0.05266864978306492,0.4,0.15,0.8333333333333333,0.7843594041840675,0.1064928248719411
0.052834123550983006,0.4,0.15,0.8333333333333333,0.8047123035314349,0.10737927943060861
0.05273412669518052,0.4,0.15,0.8333333333333333,0.106669440335423,0.02156327445766327
0.05424512084733205,0.4,0.15,0.8333333333333333,0.11159519245791746,0.22449733555758522
0.05399753260493857,0.4,0.15,0.8333333333333333,0.11395943331199543,0.22064135827868614
0.054455478938480455,0.4,0.15,0.8333333333333333,0.11534433170301187,0.22733479055575795
0.05481487422762524,0.4,0.15,0.8333333333333333,0.11642381143223508,0.23029931071076
0.05521261397241219,0.4,0.15,0.8333333333333333,0.1176554998060241,0.23060646821585137
0.05492047690174187,0.4,0.15,0.8333333333333333,0.12767223054017987,0.2895496932889653
0.05522633707191145,0.4,0.15,0.8333333333333333,0.13559909652954077,0.35533542708299015
0.05531937663102547,0.4,0.15,0.8333333333333333,0.13659245820986493,0.03363746589558595
0.055978162265570994,0.4,0.15,0.8333333333333333,0.1370701129694563,0.31264153438834014
0.05672660075115019,0.4,0.15,0.8333333333333333,0.13711016787592095,0.3017219350053862
0.057390045103278824,0.4,0.15,0.8333333333333333,0.13848505254032123,0.3094518987980105
0.05786035239925573,0.4,0.15,0.8333333333333333,0.1397137367961254,0.32112088245234366
0.05831573535413092,0.4,0.15,0.8333333333333333,9.098472003452892e-05,0.3266877370397319
0.058294395061774626,0.4,0.15,0.8333333333333333,0.1461755945815405,0.3859061032004684
0.05878357817248208,0.4,0.15,0.8333333333333333,0.14838962953637588,0.40459168484569913
0.05926590303255822,0.4,0.15,0.8333333333333333,0.14968340301518515,0.4165448142050679
0.05974797520192483,0.4,0.15,0.8333333333333333,0.15069779352140328,0.4260206732627879
0.059945710576416865,0.4,0.15,0.8333333333333333,0.16093682898643805,0.4800533803066241
0.060062384076442155,0.4,0.15,0.8333333333333333,0.16287148096868226,0.5052593054719858
0.06027638613439039,0.4,0.15,0.8333333333333333,0.00011003082805848601,0.41564435246375775
0.06196139050493977,0.4,0.15,0.8333333333333333,0.1614575427704789,0.4298286259154838
0.06256740583589147,0.4,0.15,0.8333333333333333,0.16331609043044024,0.04301027210957831
0.062159580722708954,0.4,0.15,0.8333333333333333,0.1667518000324485,0.48387233860282486
0.06296809970546667,0.4,0.15,0.8333333333333333,0.16889373615564746,0.5004368325907472
0.06356126486186942,0.4,0.15,0.8333333333333333,0.17041081573799735,0.5145460675640308
0.06416469614934744,0.4,0.15,0.8333333333333333,0.17150932154779128,0.5252775704943556
0.06473410294094868,0.4,0.15,0.8333333333333333,0.0001225379726020835,0.5347514285259839
0.06533714159709471,0.4,0.15,0.8333333333333333,0.1731846180106767,0.5436169746257048
0.06579277100698329,0.4,0.15,0.8333333333333333,0.17673748821409413,0.5853273629962351
0.06626718951192133,0.4,0.15,0.8333333333333333,0.17798920404111548,0.5972534785033645
0.06687110116552576,0.4,0.15,0.8333333333333333,0.1788463790394597,0.060713349943735076
0.06750426156935936,0.4,0.15,0.8333333333333333,0.17950127676015729,0.6142611997706208
0.06814224745939348,0.4,0.15,0.8333333333333333,0.18003300564347596,0.6184253350676571
0.06877261673663539,0.4,0.15,0.8333333333333333,0.1909499704004255,0.6789753840924866
0.06870494841237812,0.4,0.15,0.8333333333333333,0.19240596625041675,0.7019041415653797
0.06909324303524439,0.4,0.15,0.8333333333333333,0.18695549485323493,0.5886000411693744
0.0715042991621961,0.4,0.15,0.8333333333333333,0.19061451055878378,0.6336391364436142
0.071915425133875,0.4,0.15,0.8333333333333333,0.0001432563729709411,0.6627480630010325
0.07217116807163045,0.4,0.15,0.8333333333333333,0.19424749057513058,0.6802390320694585
0.07280596041514811,0.4,0.15,0.8333333333333333,0.19524185362811636,0.6912656863483236
0.07353699050481428,0.4,0.15,0.8333333333333333,0.1961460931415566,0.7044564503454709
0.07419237144927203,0.4,0.15,0.8333333333333333,0.19704632716435036,0.7180904416219519
0.07480334350607544,0.4,0.15,0.8333333333333333,0.19765015487930546,0.7299665314767864
0.0754802255658432,0.4,0.15,0.8333333333333333,0.0001489441696889262,0.7406159923373472
0.0761243864627337,0.4,0.15,0.8333333333333333,0.1993865350745495,0.7505450838048601
0.07680288335027526,0.4,0.15,0.8333333333333333,0.1999262749391611,0.7588593472162901
0.07750565464272723,0.4,0.15,0.8333333333333333,0.2004890463749899,0.7670685567579005
0.07818012428568112,0.4,0.15,0.8333333333333333,0.20148541217329893,0.7885275605663664
0.07855006602219475,0.4,0.15,0.8333333333333333,0.20196206556022867,0.7895851028558829
0.07936646097919896,0.4,0.15,0.8333333333333333,0.20271209368377985,0.8037703768206548
0.07993495380626833,0.4,0.15,0.8333333333333333,0.20326585276565412,0.0812478796977892
0.08055401798394808,0.4,0.15,0.8333333333333333,0.20381460498422027,0.8206550349832653
0.08119791582147154,0.4,0.15,0.8333333333333333,0.2050242631594537,0.828491053158755
0.08176639675721341,0.4,0.15,0.8333333333333333,0.20534069692052473,0.8336486979103702
0.08247794116656577,0.4,0.15,0.8333333333333333,0.2060136193491314,0.8373916172150825
0.08192904822005914,0.4,0.15,0.8333333333333333,0.21533039059281683,0.8895343551152133
0.08265707806978896,0.4,0.15,0.8333333333333333,0.2170337254902275,0.906788202591761
0.08316619641099648,0.4,0.15,0.8333333333333333,0.20862519925062878,0.7549943653199779
0.08661618179791086,0.4,0.15,0.8333333333333333,0.20964459662015497,0.7608433645863101
0.08777986464243145,0.4,0.15,0.8333333333333333,0.2114911278081769,0.7769136051295578
0.08839451140946677,0.4,0.15,0.8333333333333333,0.212997192291249,0.7916131427999225
0.08926773328043074,0.4,0.15,0.8333333333333333,0.21418882575857334,0.8077444146389701
0.09013301167211221,0.4,0.15,0.8333333333333333,0.21540148805179163,0.8222748656045775
0.09097933122729486,0.4,0.15,0.8333333333333333,0.21650900621554015,0.8400069583170654
0.09177957913919887,0.4,0.15,0.8333333333333333,0.21746431573472286,0.8558010572596448
0.09258424090885067,0.4,0.15,0.8333333333333333,0.21872504391569877,0.87103486889652
0.09335294366666302,0.4,0.15,0.8333333333333333,0.21918567534004263,0.883848439475363
0.094176542302861,0.4,0.15,0.8333333333333333,0.2200628777916192,0.8948440778498052
0.09498590223449933,0.4,0.15,0.8333333333333333,0.22072578649360972,0.9085280947785813
0.09575725197281137,0.4,0.15,0.8333333333333333,0.22184031426598955,0.9176287614440888
0.09652580492890037,0.4,0.15,0.8333333333333333,0.2223710417766466,0.09294187617826984
0.09730301564151128,0.4,0.15,0.8333333333333333,0.22288374457939455,0.9431538502710927
0.09804038569394896,0.4,0.15,0.8333333333333333,0.00017389837641642412,0.9522255020582692
0.09879938034298165,0.4,0.15,0.8333333333333333,0.00017421881566814158,0.964267677078723
0.0995481398944035,0.4,0.15,0.8333333333333333,0.00017534035304915272,0.9745439465731631
0.10025927789588591,0.4,0.15,0.8333333333333333,0.22575468000025076,0.9845570811365316
0.10102174307235626,0.4,0.15,0.8333333333333333,0.22636551732383717,0.9908523092213352
0.10183673427264994,0.4,0.15,0.8333333333333333,0.22708850838552472,0.9998509235561609
0.10258314949235872,0.4,0.15,0.8333333333333333,0.22758719197101002,0.10125714010274577
0.10326692482416748,0.4,0.15,0.8333333333333333,0.2280488247680155,0.10208956695693466
0.10406295552027615,0.4,0.15,0.8333333333333333,0.22862561542110696,0.10285696046314005
0.104832367262237,0.4,0.15,0.8333333333333333,0.22910026606271344,0.10369539039560435
0.10557866552638931,0.4,0.15,0.8333333333333333,0.22911228253465285,0.10451781211933427
0.10636101974570349,0.4,0.15,0.8333333333333333,0.23004155636463353,0.10513813020779234
0.10711185440628335,0.4,0.15,0.8333333333333333,0.2301406922581336,0.10595154731410913
0.10788501452670021,0.4,0.15,0.8333333333333333,0.23116910198161436,0.10624970020178737
0.10868692214888853,0.4,0.15,0.8333333333333333,0.23143947260025097,0.10714315835177618
0.10936349459909256,0.4,0.15,0.8333333333333333,0.24170454375448777,0.11398166502050353
0.10954083968228315,0.4,0.15,0.8333333333333333,0.23961167489170807,0.10782250670994237
0.11215433927932238,0.4,0.15,0.8333333333333333,0.23486016161233497,0.10099900773690353
0.11483587264141543,0.4,0.15,0.8333333333333333,0.2375097936749738,0.10368538526514536
0.11554100370980461,0.4,0.15,0.8333333333333333,0.23973584510174858,0.10671093671594734
0.11619623303983664,0.4,0.15,0.8333333333333333,0.24350100630942884,0.1122377707814996
0.12360394921410259,0.4,0.15,0.8333333333333333,0.00019687987900053635,0.11627984348693611
0.12803399859946588,0.4,0.15,0.8333333333333333,0.24945917364605055,0.12016283461807448
0.1322373955846405,0.4,0.15,0.8333333333333333,0.25307613169981147,0.12482522541196905
0.13585570706289649,0.4,0.15,0.8333333333333333,0.2567661899578705,0.12952963775379142
0.13935405955434688,0.4,0.15,0.8333333333333333,0.2588200052868471,0.13533061239392036
0.1427561288370734,0.4,0.15,0.8333333333333333,0.26119425986754125,0.13960980669123518
0.14659156689208808,0.4,0.15,0.8333333333333333,0.2613394589034757,0.1428954915339712
0.15128877764492069,0.4,0.15,0.8333333333333333,0.26150768951062736,0.14586201271506505
0.15597652580138183,0.4,0.15,0.8333333333333333,0.2626232186556688,0.1463402579510053
0.16112368966792096,0.4,0.15,0.8333333333333333,0.26269531748730524,0.14518766692212837
0.1669357907557475,0.4,0.15,0.8333333333333333,0.2616729159997942,0.00014184991920144303
0.0,0.5,0.1,0.8333333333333333,0.7157864056891906,0.10337822776005402
0.00032583868800209866,0.5,0.1,0.8333333333333333,0.9092415901869966,0.1680774043862314
0.00018845955897215156,0.5,0.1,0.8333333333333333,0.9940758793338733,0.24186524152136546
0.0012261925078828233,0.5,0.1,0.8333333333333333,0.11505593637646613,0.29755379765616624
0.0010697568739506972,0.5,0.1,0.8333333333333333,0.11888418406182828,0.35582467796243533
0.0016800815784859355,0.5,0.1,0.8333333333333333,0.1340359538047565,0.43849506991907067
0.001863958625882386,0.5,0.1,0.8333333333333333,0.13905984044808944,0.5030221583013532
0.0026503214552038995,0.5,0.1,0.8333333333333333,0.14074615201025262,0.5296448099397096
0.002538764706395006,0.5,0.1,0.8333333333333333,0.15333641048476432,0.6168705377943282
0.0035888067019450016,0.5,0.1,0.8333333333333333,0.1562413925761155,0.672620125224929
0.004595689631866439,0.5,0.1,0.8333333333333333,0.00010854879651929272,0.7111999082748377
0.00541354584450015,0.5,0.1,0.8333333333333333,0.15925652566024456,0.7303767418256054
0.006304151748657345,0.5,0.1,0.8333333333333333,0.15831523535832448,0.0665993681927655
0.005552371800048787,0.5,0.1,0.8333333333333333,0.00011514784235934936,7.56559760846909e-05
0.006690033737185454,0.5,0.1,0.8333333333333333,0.16868845476001593,0.8392805858457419
0.0076068940972991465,0.5,0.1,0.8333333333333333,0.17168255901825105,0.9095686283463174
0.008146877176639077,0.5,0.1,0.8333333333333333,0.17429714303773328,0.9779446904161777
0.013808343205589569,0.5,0.1,0.8333333333333333,0.1759634271466641,0.10288997739365476
0.0124289550879797,0.5,0.1,0.8333333333333333,0.17671045115223047,0.10576245034843401
0.014434803861486505,0.5,0.1,0.8333333333333333,0.17606556715814906,0.1049280224681533
0.01574931507146321,0.5,0.1,0.8333333333333333,0.1733428348912122,0.00010055874579714496
0.016776890578932314,0.5,0.1,0.8333333333333333,0.16735863186538844,0.915562702004305
0.017897656824892555,0.5,0.1,0.8333333333333333,0.1651706325997551,0.08649457011048944
0.019119892058498997,0.5,0.1,0.8333333333333333,0.1689848610678546,0.9224772476645208
0.02043719345246216,0.5,0.1,0.8333333333333333,0.17389659397308643,0.10332319954252951
0.0215571452875044,0.5,0.1,0.8333333333333333,0.17335985822645966,0.10520116252968405
0.02120201050148743,0.5,0.1,0.8333333333333333,0.17335985822645966,0.10520116252968405
0.02145517207856868,0.5,0.1,0.8333333333333333,0.18108544831083553,0.10879800692969499
0.03149762416562259,0.5,0.1,0.8333333333333333,0.19090991549396083,0.13182381416804043
0.02896132306675619,0.5,0.1,0.8333333333333333,0.1763028924789523,0.1203089095227759
0.03040248576066572,0.5,0.1,0.8333333333333333,0.17843982173884318,0.1259397969451018
0.031811367270815724,0.5,0.1,0.8333333333333333,0.00013226130114638547,0.13297540468387148
0.03222838176986946,0.5,0.1,0.8333333333333333,0.18522912838460706,0.13944572255170756
0.03380328165623574,0.5,0.1,0.8333333333333333,0.171703587844145,0.12197276271810781
0.035399645968816194,0.5,0.1,0.8333333333333333,0.17646811896811912,0.1261168877542261
0.036930239276449554,0.5,0.1,0.8333333333333333,0.18084511887204743,0.13214297782968257
0.038387888425849837,0.5,0.1,0.8333333333333333,0.17791209834617097,0.13122550736659216
0.039859506984746586,0.5,0.1,0.8333333333333333,0.1764891477940131,0.13266424512659653
0.04139157227920746,0.5,0.1,0.8333333333333333,0.17593739145746207,0.13372378844220476
0.04304742462532585,0.5,0.1,0.8333333333333333,0.1753175417799211,0.00013349563526817703
0.044540783431228456,0.5,0.1,0.8333333333333333,0.1753175417799211,0.00013349563526817703
0.04612938509971421,0.5,0.1,0.8333333333333333,0.17827359387701475,0.0001267921978606462
0.04516436986625733,0.5,0.1,0.8333333333333333,0.17166954117365002,0.12508936085608668
0.057703524859072576,0.5,0.1,0.8333333333333333,0.16871849593986446,0.0001229902482862257
0.054005627481122497,0.5,0.1,0.8333333333333333,0.00011869270158147386,0.12584774974487897
0.05558224066125497,0.5,0.1,0.8333333333333333,0.1765942919234829,0.136626276788361
0.05698195896095591,0.5,0.1,0.8333333333333333,0.17213417808864034,0.13047912463435066
0.05822798772578974,0.5,0.1,0.8333333333333333,0.17033270867039121,0.13056716978238986
0.05967008367138425,0.5,0.1,0.8333333333333333,0.17362622335444983,0.00013627706153577937
0.06115273825230426,0.5,0.1,0.8333333333333333,0.00012177692937925448,0.00013475628170601117
0.05183852128539584,0.2,0.2,0.8333333333333333,0.38269981725549745,0.13191185931607963
0.05183935034294895,0.2,0.2,0.8333333333333333,0.1834046273951407,0.6513652260778268
0.051859776670773405,0.2,0.2,0.8333333333333333,0.19969595922698918,0.5862568396158763
0.05196237504450034,0.2,0.2,0.8333333333333333,0.20924304618284653,0.5943629963137591
0.05207869949055845,0.2,0.2,0.8333333333333333,0.2159552471336659,0.6120990910784305
0.05197930785982119,0.2,0.2,0.8333333333333333,0.3180812394013466,0.8724686040912949
0.05213256568149335,0.2,0.2,0.8333333333333333,0.33114614851746477,0.8631678348166074
0.05228479881877331,0.2,0.2,0.8333333333333333,0.03388366705312308,0.880211574553516
0.05223304594876223,0.2,0.2,0.8333333333333333,0.46920539737461314,0.1568006218458911
0.05232720807819609,0.2,0.2,0.8333333333333333,0.48134403677873555,0.1485834081999134
0.052532079699353994,0.2,0.2,0.8333333333333333,0.4906417819418502,0.15088959077071318
0.05245516543291179,0.2,0.2,0.8333333333333333,0.6022337499797973,0.19616680814987733
0.05263803933082009,0.2,0.2,0.8333333333333333,0.6047762351676431,0.17328707581623332
0.052958198677300186,0.2,0.2,0.8333333333333333,0.6182316796217919,0.17920410996968664
0.05279247656915825,0.2,0.2,0.8333333333333333,0.7431439068045695,0.25171629297129805
0.052934556107925655,0.2,0.2,0.8333333333333333,0.07575005666267207,0.2388937177750421
0.0532454748053117,0.2,0.2,0.8333333333333333,0.768530706521886,0.23523184002704764
0.05312951434988827,0.2,0.2,0.8333333333333333,0.8745710645238279,0.28768773851054513
0.05342383152143749,0.2,0.2,0.8333333333333333,0.08692337282099556,0.24990436384517292
0.05391125225039875,0.2,0.2,0.8333333333333333,0.8886203229663158,0.25245066954698875
0.05357346879642438,0.2,0.2,0.8333333333333333,0.10114586873394311,0.33274384250656536
0.05378005182613801,0.2,0.2,0.8333333333333333,5.2932558893079454e-05,0.32026244225896133
0.05419978762648836,0.2,0.2,0.8333333333333333,0.10408089200514281,0.31963812211831966
0.05398680488733335,0.2,0.2,0.8333333333333333,0.11495179361965796,0.038133771523861104
0.05432178996390659,0.2,0.2,0.8333333333333333,0.1144040427737534,0.32799940964290697
0.055001363306619845,0.2,0.2,0.8333333333333333,0.11682736461486677,0.3306357615188538
0.05456864986249029,0.2,0.2,0.8333333333333333,0.12799367116455895,0.41232665120355294
0.054835237980964124,0.2,0.2,0.8333333333333333,0.13061626616533412,0.4312053318666424
0.05516371726875361,0.2,0.2,0.8333333333333333,0.13153953175934507,0.42758247412743805
0.054989983016163625,0.2,0.2,0.8333333333333333,0.14205995294229423,0.4799493269498505
0.05550574766684212,0.2,0.2,0.8333333333333333,0.1414551238546775,0.4171251117716899
0.05626117876055185,0.2,0.2,0.8333333333333333,0.15541125463963493,0.5104759804933091
0.05619763426166418,0.2,0.2,0.8333333333333333,0.15769738842610675,0.5119427326185987
0.056631649226090944,0.2,0.2,0.8333333333333333,0.15934264370914364,0.5130252877342626
0.05635477728456677,0.2,0.2,0.8333333333333333,0.16921717952534976,0.5756253879901416
0.05686353932099765,0.2,0.2,0.8333333333333333,0.16895281714268284,0.507912666069713
0.05783741729135975,0.2,0.2,0.8333333333333333,0.1821038443077001,0.5990083783858734
0.05777609110511684,0.2,0.2,0.8333333333333333,0.18301509342977168,0.5626507348109088
0.058564984249413934,0.2,0.2,0.8333333333333333,0.18766546807032145,0.5876265419757135
0.0581302277447042,0.2,0.2,0.8333333333333333,0.1962983017861224,0.6521126093231142
0.05838880792419946,0.2,0.2,0.8333333333333333,0.1960349407761171,0.5901448333122442
0.05928387771668967,0.2,0.2,0.8333333333333333,0.2091699459785485,0.6839969590698592
0.059420488767474015,0.2,0.2,0.8333333333333333,0.00015992922778686568,0.6294359811377879
0.0605031780401529,0.2,0.2,0.8333333333333333,0.22206161762420693,0.7090718170262081
0.0604641738333584,0.2,0.2,0.8333333333333333,0.2243807967085121,0.7238964188273103
0.06095468710506042,0.2,0.2,0.8333333333333333,0.23686991654420048,0.8040565235517823
0.060993301000781965,0.2,0.2,0.8333333333333333,0.2369370085125288,0.7365519083449009
0.06230674576170396,0.2,0.2,0.8333333333333333,0.2417926645487101,0.7642270997075442
0.061685312019494266,0.2,0.2,0.8333333333333333,0.2505226314126879,0.8335926691797998
0.061941383491426104,0.2,0.2,0.8333333333333333,0.2500059231192935,0.7687113991792686
0.0630898569655253,0.2,0.2,0.8333333333333333,0.25490764229790913,0.8018333835637922
0.06259793254128708,0.2,0.2,0.8333333333333333,0.2639350168423872,0.8794581882299531
0.06279821708285932,0.2,0.2,0.8333333333333333,0.26539001131971685,0.8939336109780361
0.06275223948257934,0.2,0.2,0.8333333333333333,0.2648312453745345,0.8380639619819275
0.06365990349604475,0.2,0.2,0.8333333333333333,0.2693434305877811,8.609132715342918e-05
0.06338814692808313,0.2,0.2,0.8333333333333333,0.278010310974077,0.09378030611073414
0.06363778729456863,0.2,0.2,0.8333333333333333,0.2757592252307618,0.08111981402791399
0.06602812213076725,0.2,0.2,0.8333333333333333,0.27836379552362783,0.833389565031482
0.06677108197723014,0.2,0.2,0.8333333333333333,0.28147506038327214,0.8791850481684225
0.0669502855153922,0.2,0.2,0.8333333333333333,0.28398049478263815,0.0918142979755404
0.06736223307629052,0.2,0.2,0.8333333333333333,0.28604933070153904,0.9481924339702458
0.06789271367980697,0.2,0.2,0.8333333333333333,0.28794292640465696,0.0975642464503284
0.06841624126461252,0.2,0.2,0.8333333333333333,0.2897724342574314,0.9972195742454436
0.0689950416973873,0.2,0.2,0.8333333333333333,0.00024144096244249692,0.10142622680750288
0.06961626016306428,0.2,0.2,0.8333333333333333,0.00024301311752123576,0.10345826880372604
0.07015211231124137,0.2,0.2,0.8333333333333333,0.2944358267425822,0.10553133183483109
0.07065330747543286,0.2,0.2,0.8333333333333333,0.2959529063249321,0.10774246566627035
0.07114947210053238,0.2,0.2,0.8333333333333333,0.29746297629865065,0.109739489705887
0.071662518350238,0.2,0.2,0.8333333333333333,0.2987907964479549,0.11161144961476613
0.07219401087672203,0.2,0.2,0.8333333333333333,0.30001347246778937,0.11329531307101603
0.07274679453507427,0.2,0.2,0.8333333333333333,0.30106190964450247,0.00011383555391623959
0.07333217130700875,0.2,0.2,0.8333333333333333,0.30199819308311443,0.11597568752098247
0.07392832517456084,0.2,0.2,0.8333333333333333,0.30274321434335755,0.1170412339148661
0.07454934025503261,0.2,0.2,0.8333333333333333,0.3037275636697272,0.1179366930909467
0.07518098407956056,0.2,0.2,0.8333333333333333,0.3045887441587179,0.11892620049334193
0.07581223338754602,0.2,0.2,0.8333333333333333,0.30545493151101666,0.0001189181601894122
0.07645902973614922,0.2,0.2,0.8333333333333333,0.30610482236840614,0.12042697006219212
0.07715385109609829,0.2,0.2,0.8333333333333333,0.3070951799307454,0.12080916604572596
0.07783717796534223,0.2,0.2,0.8333333333333333,0.30796737551901393,0.00012060902723698342
0.07851154711207711,0.2,0.2,0.8333333333333333,0.30869537344400955,0.1219357437354095
0.07920261661318166,0.2,0.2,0.8333333333333333,0.30949647157330323,0.12256606695432658
0.07990408283243977,0.2,0.2,0.8333333333333333,0.3100872814436573,0.00012234991993684963
0.08062960165434715,0.2,0.2,0.8333333333333333,0.31049884560758195,0.12364662104389872
0.08138891294622874,0.2,0.2,0.8333333333333333,0.3109815072304814,0.12401380933174405
0.08218261671256705,0.2,0.2,0.8333333333333333,0.31144914826345654,0.12419790373218968
0.08302251640105801,0.2,0.2,0.8333333333333333,0.3118517000734266,0.12420690834960278
0.08389728617482446,0.2,0.2,0.8333333333333333,0.3122762820819523,0.12416988936690447
0.08477733526295532,0.2,0.2,0.8333333333333333,0.31274192036960424,0.12425593348885189
0.08563572183275764,0.2,0.2,0.8333333333333333,0.3133147055320492,0.12445603609803191
0.08649012908582286,0.2,0.2,0.8333333333333333,0.00026392177869580057,0.12466414281157913
0.05183852128539584,0.2,0.2,0.8333333333333333,0.38269981725549745,0.13191185931607963
0.05183935034294895,0.2,0.2,0.8333333333333333,0.1834046273951407,0.6513652260778268
0.051859776670773405,0.2,0.2,0.8333333333333333,0.19969595922698918,0.5862568396158763
0.05196237504450034,0.2,0.2,0.8333333333333333,0.20924304618284653,0.5943629963137591
0.05207869949055845,0.2,0.2,0.8333333333333333,0.2159552471336659,0.6120990910784305
0.05197930785982119,0.2,0.2,0.8333333333333333,0.3180812394013466,0.8724686040912949
0.05213256568149335,0.2,0.2,0.8333333333333333,0.33114614851746477,0.8631678348166074
0.05228479881877331,0.2,0.2,0.8333333333333333,0.03388366705312308,0.880211574553516
0.05223304594876223,0.2,0.2,0.8333333333333333,0.46920539737461314,0.1568006218458911
0.05232720807819609,0.2,0.2,0.8333333333333333,0.48134403677873555,0.1485834081999134
0.052532079699353994,0.2,0.2,0.8333333333333333,0.4906417819418502,0.15088959077071318
0.05245516543291179,0.2,0.2,0.8333333333333333,0.6022337499797973,0.19616680814987733
0.05263803933082009,0.2,0.2,0.8333333333333333,0.6047762351676431,0.17328707581623332
0.052958198677300186,0.2,0.2,0.8333333333333333,0.6182316796217919,0.17920410996968664
0.05279247656915825,0.2,0.2,0.8333333333333333,0.7431439068045695,0.25171629297129805
0.052934556107925655,0.2,0.2,0.8333333333333333,0.07575005666267207,0.2388937177750421
0.0532454748053117,0.2,0.2,0.8333333333333333,0.768530706521886,0.23523184002704764
0.05312951434988827,0.2,0.2,0.8333333333333333,0.8745710645238279,0.28768773851054513
0.05342383152143749,0.2,0.2,0.8333333333333333,0.08692337282099556,0.24990436384517292
0.05391125225039875,0.2,0.2,0.8333333333333333,0.8886203229663158,0.25245066954698875
0.05357346879642438,0.2,0.2,0.8333333333333333,0.10114586873394311,0.33274384250656536
0.05378005182613801,0.2,0.2,0.8333333333333333,5.2932558893079454e-05,0.32026244225896133
0.05419978762648836,0.2,0.2,0.8333333333333333,0.10408089200514281,0.31963812211831966
0.05398680488733335,0.2,0.2,0.8333333333333333,0.11495179361965796,0.038133771523861104
0.05432178996390659,0.2,0.2,0.8333333333333333,0.1144040427737534,0.32799940964290697
0.055001363306619845,0.2,0.2,0.8333333333333333,0.11682736461486677,0.3306357615188538
0.05456864986249029,0.2,0.2,0.8333333333333333,0.12799367116455895,0.41232665120355294
0.054835237980964124,0.2,0.2,0.8333333333333333,0.13061626616533412,0.4312053318666424
0.05516371726875361,0.2,0.2,0.8333333333333333,0.13153953175934507,0.42758247412743805
0.054989983016163625,0.2,0.2,0.8333333333333333,0.14205995294229423,0.4799493269498505
0.05550574766684212,0.2,0.2,0.8333333333333333,0.1414551238546775,0.4171251117716899
0.05626117876055185,0.2,0.2,0.8333333333333333,0.15541125463963493,0.5104759804933091
0.05619763426166418,0.2,0.2,0.8333333333333333,0.15769738842610675,0.5119427326185987
0.056631649226090944,0.2,0.2,0.8333333333333333,0.15934264370914364,0.5130252877342626
0.05635477728456677,0.2,0.2,0.8333333333333333,0.16921717952534976,0.5756253879901416
0.05686353932099765,0.2,0.2,0.8333333333333333,0.16895281714268284,0.507912666069713
0.05783741729135975,0.2,0.2,0.8333333333333333,0.1821038443077001,0.5990083783858734
0.05777609110511684,0.2,0.2,0.8333333333333333,0.18301509342977168,0.5626507348109088
0.058564984249413934,0.2,0.2,0.8333333333333333,0.18766546807032145,0.5876265419757135
0.0581302277447042,0.2,0.2,0.8333333333333333,0.1962983017861224,0.6521126093231142
0.05838880792419946,0.2,0.2,0.8333333333333333,0.1960349407761171,0.5901448333122442
0.05928387771668967,0.2,0.2,0.8333333333333333,0.2091699459785485,0.6839969590698592
0.059420488767474015,0.2,0.2,0.8333333333333333,0.00015992922778686568,0.6294359811377879
0.0605031780401529,0.2,0.2,0.8333333333333333,0.22206161762420693,0.7090718170262081
0.0604641738333584,0.2,0.2,0.8333333333333333,0.2243807967085121,0.7238964188273103
0.06095468710506042,0.2,0.2,0.8333333333333333,0.23686991654420048,0.8040565235517823
0.060993301000781965,0.2,0.2,0.8333333333333333,0.2369370085125288,0.7365519083449009
0.06230674576170396,0.2,0.2,0.8333333333333333,0.2417926645487101,0.7642270997075442
0.061685312019494266,0.2,0.2,0.8333333333333333,0.2505226314126879,0.8335926691797998
0.061941383491426104,0.2,0.2,0.8333333333333333,0.2500059231192935,0.7687113991792686
0.0630898569655253,0.2,0.2,0.8333333333333333,0.25490764229790913,0.8018333835637922
0.06259793254128708,0.2,0.2,0.8333333333333333,0.2639350168423872,0.8794581882299531
0.06279821708285932,0.2,0.2,0.8333333333333333,0.26539001131971685,0.8939336109780361
0.06275223948257934,0.2,0.2,0.8333333333333333,0.2648312453745345,0.8380639619819275
0.06365990349604475,0.2,0.2,0.8333333333333333,0.2693434305877811,8.609132715342918e-05
0.06338814692808313,0.2,0.2,0.8333333333333333,0.278010310974077,0.09378030611073414
0.06363778729456863,0.2,0.2,0.8333333333333333,0.2757592252307618,0.08111981402791399
0.06602812213076725,0.2,0.2,0.8333333333333333,0.27836379552362783,0.833389565031482
0.06677108197723014,0.2,0.2,0.8333333333333333,0.28147506038327214,0.8791850481684225
0.0669502855153922,0.2,0.2,0.8333333333333333,0.28398049478263815,0.0918142979755404
0.06736223307629052,0.2,0.2,0.8333333333333333,0.28604933070153904,0.9481924339702458
0.06789271367980697,0.2,0.2,0.8333333333333333,0.28794292640465696,0.0975642464503284
0.06841624126461252,0.2,0.2,0.8333333333333333,0.2897724342574314,0.9972195742454436
0.0689950416973873,0.2,0.2,0.8333333333333333,0.00024144096244249692,0.10142622680750288
0.06961626016306428,0.2,0.2,0.8333333333333333,0.00024301311752123576,0.10345826880372604
0.07015211231124137,0.2,0.2,0.8333333333333333,0.2944358267425822,0.10553133183483109
0.07065330747543286,0.2,0.2,0.8333333333333333,0.2959529063249321,0.10774246566627035
0.07114947210053238,0.2,0.2,0.8333333333333333,0.29746297629865065,0.109739489705887
0.071662518350238,0.2,0.2,0.8333333333333333,0.2987907964479549,0.11161144961476613
0.07219401087672203,0.2,0.2,0.8333333333333333,0.30001347246778937,0.11329531307101603
0.07274679453507427,0.2,0.2,0.8333333333333333,0.30106190964450247,0.00011383555391623959
0.07333217130700875,0.2,0.2,0.8333333333333333,0.30199819308311443,0.11597568752098247
0.07392832517456084,0.2,0.2,0.8333333333333333,0.30274321434335755,0.1170412339148661
0.07454934025503261,0.2,0.2,0.8333333333333333,0.3037275636697272,0.1179366930909467
0.07518098407956056,0.2,0.2,0.8333333333333333,0.3045887441587179,0.11892620049334193
0.07581223338754602,0.2,0.2,0.8333333333333333,0.30545493151101666,0.0001189181601894122
0.07645902973614922,0.2,0.2,0.8333333333333333,0.30610482236840614,0.12042697006219212
0.07715385109609829,0.2,0.2,0.8333333333333333,0.3070951799307454,0.12080916604572596
0.07783717796534223,0.2,0.2,0.8333333333333333,0.30796737551901393,0.00012060902723698342
0.07851154711207711,0.2,0.2,0.8333333333333333,0.30869537344400955,0.1219357437354095
0.07920261661318166,0.2,0.2,0.8333333333333333,0.30949647157330323,0.12256606695432658
0.07990408283243977,0.2,0.2,0.8333333333333333,0.3100872814436573,0.00012234991993684963
0.08062960165434715,0.2,0.2,0.8333333333333333,0.31049884560758195,0.12364662104389872
0.08138891294622874,0.2,0.2,0.8333333333333333,0.3109815072304814,0.12401380933174405
0.08218261671256705,0.2,0.2,0.8333333333333333,0.31144914826345654,0.12419790373218968
0.08302251640105801,0.2,0.2,0.8333333333333333,0.3118517000734266,0.12420690834960278
0.08389728617482446,0.2,0.2,0.8333333333333333,0.3122762820819523,0.12416988936690447
0.08477733526295532,0.2,0.2,0.8333333333333333,0.31274192036960424,0.12425593348885189
0.08563572183275764,0.2,0.2,0.8333333333333333,0.3133147055320492,0.12445603609803191
0.08649012908582286,0.2,0.2,0.8333333333333333,0.00026392177869580057,0.12466414281157913
