Depth Of Cut,Feed Rate,Lenght Of Cut,Load X,Load Y
0.2,0.2,1.5,598346.0,671413.0
0.2,0.2,1.5,767689.0,738346.0
0.2,0.2,1.5,889873.0,138438.0
0.2,0.2,1.5,960976.0,14598.0
0.2,0.2,1.5,998679.0,141208.0
0.2,0.2,1.5,100849.0,139985.0
0.2,0.2,1.5,112375.0,187225.0
0.2,0.2,1.5,114325.0,185279.0
0.2,0.2,1.5,126547.0,231165.0
0.2,0.2,1.5,129928.0,241922.0
0.2,0.2,1.5,139064.0,30212.0
0.2,0.2,1.5,141017.0,287915.0
0.2,0.2,1.5,141.96,267297.0
0.2,0.2,1.5,142969.0,26484.0
0.2,0.2,1.5,144641.0,267842.0
0.2,0.2,1.5,150055.0,306756.0
0.2,0.2,1.5,151632.0,311856.0
0.2,0.2,1.5,162661.0,372547.0
0.2,0.2,1.5,165751.0,398802.0
0.2,0.2,1.5,166724.0,378015.0
0.2,0.2,1.5,167551.0,35964.0
0.2,0.2,1.5,171819.0,379387.0
0.2,0.2,1.5,174.28,390674.0
0.2,0.2,1.5,175884.0,407238.0
0.2,0.2,1.5,177849.0,436347.0
0.2,0.2,1.5,178857.0,449459.0
0.2,0.2,1.5,179.72,460137.0
0.2,0.2,1.5,182596.0,483097.0
0.2,0.2,1.5,195787.0,565542.0
0.2,0.2,1.5,198898.0,592037.0
0.2,0.2,1.5,194762.0,47282.0
0.2,0.2,1.5,198749.0,510963.0
0.2,0.2,1.5,200893.0,541085.0
0.2,0.2,1.5,203033.0,576332.0
0.2,0.2,1.5,203.38,585487.0
0.2,0.2,1.5,209211.0,659206.0
0.2,0.2,1.5,211639.0,68782.0
0.2,0.2,1.5,213089.0,705619.0
0.2,0.2,1.5,214797.0,720389.0
0.2,0.2,1.5,215297.0,731835.0
0.2,0.2,1.5,215959.0,744507.0
0.2,0.2,1.5,219285.0,789333.0
0.2,0.2,1.5,230429.0,842174.0
0.2,0.2,1.5,233166.0,857561.0
0.2,0.2,1.5,222856.0,640248.0
0.2,0.2,1.5,227435.0,681067.0
0.2,0.2,1.5,229786.0,70653.0
0.2,0.2,1.5,231975.0,731993.0
0.2,0.2,1.5,233567.0,745945.0
0.2,0.2,1.5,236275.0,785963.0
0.2,0.2,1.5,237994.0,802232.0
0.2,0.2,1.5,239.02,814591.0
0.2,0.2,1.5,240507.0,841308.0
0.2,0.2,1.5,241107.0,842518.0
0.2,0.2,1.5,242343.0,866099.0
0.2,0.2,1.5,243217.0,878039.0
0.2,0.2,1.5,243741.0,877301.0
0.2,0.2,1.5,244847.0,899347.0
0.2,0.2,1.5,255473.0,955959.0
0.2,0.2,1.5,257524.0,978596.0
0.2,0.2,1.5,247.99,794719.0
0.2,0.2,1.5,248983.0,803927.0
0.2,0.2,1.5,254373.0,867755.0
0.2,0.2,1.5,257351.0,916844.0
0.2,0.2,1.5,259651.0,95129.0
0.2,0.2,1.5,259816.0,954923.0
0.2,0.2,1.5,260776.0,969513.0
0.2,0.2,1.5,261705.0,983525.0
0.2,0.2,1.5,262335.0,995813.0
0.2,0.2,1.5,263148.0,100849.0
0.2,0.2,1.5,263803.0,101505.0
0.2,0.2,1.5,264345.0,102727.0
0.2,0.2,1.5,264989.0,103534.0
0.2,0.2,1.5,265832.0,104889.0
0.2,0.2,1.5,266468.0,105727.0
0.2,0.2,1.5,267094.0,106425.0
0.2,0.2,1.5,267781.0,107083.0
0.2,0.2,1.5,268097.0,108006.0
0.2,0.2,1.5,268691.0,108062.0
0.2,0.2,1.5,278629.0,113586.0
0.2,0.2,1.5,280358.0,114187.0
0.2,0.2,1.5,275238.0,103982.0
0.2,0.2,1.5,269095.0,93943.0
0.2,0.2,1.5,271223.0,956068.0
0.2,0.2,1.5,273022.0,973839.0
0.2,0.2,1.5,274403.0,993396.0
0.2,0.2,1.5,275587.0,101041.0
0.2,0.2,1.5,277176.0,103156.0
0.2,0.2,1.5,278359.0,105129.0
0.2,0.2,1.5,279.79,107265.0
0.2,0.2,1.5,280.78,108983.0
0.2,0.2,1.5,281942.0,110.69
0.2,0.2,1.5,282.9,112161.0
0.2,0.2,1.5,283.78,113666.0
0.2,0.2,1.5,284836.0,114546.0
0.2,0.2,1.5,285.43,116252.0
0.2,0.2,1.5,286168.0,117455.0
0.2,0.2,1.5,286815.0,118662.0
0.2,0.2,1.5,287309.0,119.85
0.2,0.2,1.5,287755.0,120932.0
0.2,0.2,1.5,288796.0,121823.0
0.2,0.2,1.5,288926.0,123096.0
0.2,0.2,1.5,289582.0,123792.0
0.2,0.2,1.5,290243.0,125138.0
0.2,0.2,1.5,291473.0,125608.0
0.2,0.2,1.5,291999.0,126606.0
0.2,0.2,1.5,292533.0,126934.0
0.2,0.2,1.5,296888.0,117841.0
0.2,0.2,1.5,299904.0,122041.0
0.2,0.2,1.5,300963.0,123915.0
0.2,0.2,1.5,302411.0,126044.0
0.2,0.2,1.5,303672.0,127695.0
0.2,0.2,1.5,304461.0,128887.0
0.2,0.2,1.5,305333.0,129936.0
0.2,0.2,1.5,306232.0,131243.0
0.2,0.2,1.5,306989.0,132632.0
0.2,0.2,1.5,307807.0,133484.0
0.2,0.2,1.5,308724.0,134876.0
0.2,0.2,1.5,309664.0,136425.0
0.2,0.2,1.5,310538.0,138025.0
0.2,0.2,1.5,311056.0,139426.0
0.2,0.2,1.5,312.45,141471.0
0.2,0.2,1.5,313153.0,143243.0
0.2,0.2,1.5,313954.0,144768.0
0.2,0.2,1.5,314.69,146025.0
0.2,0.2,1.5,315313.0,147441.0
0.2,0.2,1.5,316037.0,148901.0
0.2,0.2,1.5,316718.0,150039.0
0.2,0.2,1.5,317282.0,151524.0
0.2,0.2,1.5,318069.0,152422.0
0.2,0.2,1.5,318662.0,153682.0
0.2,0.2,1.5,318536.0,154.66
0.2,0.2,1.5,319537.0,155768.0
0.2,0.2,1.5,320.36,156618.0
0.2,0.2,1.5,320921.0,157545.0
0.2,0.2,1.5,321254.0,158623.0
0.2,0.2,1.5,321289.0,159.69
0.2,0.2,1.5,321776.0,160514.0
0.2,0.2,1.5,322504.0,161224.0
0.2,0.2,1.5,322928.0,162374.0
0.2,0.2,1.5,323144.0,163086.0
0.2,0.2,1.5,323706.0,164241.0
0.2,0.2,1.5,324248.0,165006.0
0.2,0.2,1.5,324772.0,165883.0
0.2,0.2,1.5,324874.0,166471.0
0.2,0.2,1.5,325.58,167281.0
0.2,0.2,1.5,325928.0,167701.0
0.2,0.2,1.5,334.24,172293.0
0.2,0.2,1.5,316983.0,140592.0
0.2,0.2,1.5,321391.0,145837.0
0.2,0.2,1.5,325521.0,150373.0
0.2,0.2,1.5,327936.0,153616.0
0.2,0.2,1.5,328788.0,154.7
0.2,0.2,1.5,329361.0,155491.0
0.2,0.2,1.5,329.89,155807.0
0.2,0.2,1.5,330.04,156532.0
0.2,0.2,1.5,330324.0,156975.0
0.2,0.2,1.5,331042.0,157132.0
0.2,0.2,1.5,331401.0,157621.0
0.2,0.2,1.5,331817.0,157669.0
0.2,0.2,1.5,332099.0,158224.0
0.2,0.2,1.5,332493.0,158553.0
0.2,0.2,1.5,332883.0,158999.0
0.2,0.2,1.5,333268.0,159044.0
0.2,0.2,1.5,333633.0,159718.0
0.2,0.2,1.5,333891.0,160171.0
0.2,0.2,1.5,334.59,160188.0
0.2,0.2,1.5,334752.0,161071.0
0.2,0.2,1.5,335408.0,161081.0
0.2,0.2,1.5,335591.0,161707.0
0.2,0.2,1.5,336206.0,161829.0
0.2,0.2,1.5,336698.0,162338.0
0.2,0.2,1.5,336769.0,162926.0
0.2,0.2,1.5,337059.0,163406.0
0.2,0.2,1.5,337311.0,163878.0
0.2,0.2,1.5,337587.0,164098.0
0.2,0.2,1.5,337866.0,164369.0
0.2,0.2,1.5,338455.0,165095.0
0.2,0.2,1.5,338325.0,165042.0
0.2,0.2,1.5,338813.0,165323.0
0.2,0.2,1.5,339142.0,165677.0
0.2,0.2,1.5,339474.0,165922.0
0.2,0.2,1.5,339.83,166079.0
0.2,0.2,1.5,340051.0,166189.0
0.2,0.2,1.5,340246.0,166587.0
0.2,0.2,1.5,340655.0,166821.0
0.2,0.2,1.5,340769.0,166889.0
0.2,0.2,1.5,341022.0,166918.0
0.2,0.2,1.5,341224.0,167099.0
0.2,0.2,1.5,341.02,167089.0
0.2,0.2,1.5,341354.0,167279.0
0.2,0.2,1.5,341476.0,167415.0
0.2,0.2,1.5,341923.0,168273.0
0.2,0.2,1.5,342436.0,168.33
0.2,0.2,1.5,343.4,169573.0
0.2,0.2,1.5,344393.0,171057.0
0.2,0.2,1.5,345586.0,172765.0
0.2,0.2,1.5,346582.0,174288.0
0.2,0.2,1.5,347974.0,176217.0
0.2,0.2,1.5,348.94,177688.0
0.5,0.2,1.0,598346.0,671413.0
0.5,0.2,1.0,767689.0,738346.0
0.5,0.2,1.0,889873.0,138438.0
0.5,0.2,1.0,960976.0,14598.0
0.5,0.2,1.0,998679.0,141208.0
0.5,0.2,1.0,100849.0,139985.0
0.5,0.2,1.0,112375.0,187225.0
0.5,0.2,1.0,114325.0,185279.0
0.5,0.2,1.0,126547.0,231165.0
0.5,0.2,1.0,129928.0,241922.0
0.5,0.2,1.0,139064.0,30212.0
0.5,0.2,1.0,141017.0,287915.0
0.5,0.2,1.0,141.96,267297.0
0.5,0.2,1.0,142969.0,26484.0
0.5,0.2,1.0,144641.0,267842.0
0.5,0.2,1.0,150055.0,306756.0
0.5,0.2,1.0,151632.0,311856.0
0.5,0.2,1.0,162661.0,372547.0
0.5,0.2,1.0,165751.0,398802.0
0.5,0.2,1.0,166724.0,378015.0
0.5,0.2,1.0,167551.0,35964.0
0.5,0.2,1.0,171819.0,379387.0
0.5,0.2,1.0,174.28,390674.0
0.5,0.2,1.0,175884.0,407238.0
0.5,0.2,1.0,177849.0,436347.0
0.5,0.2,1.0,178857.0,449459.0
0.5,0.2,1.0,179.72,460137.0
0.5,0.2,1.0,182596.0,483097.0
0.5,0.2,1.0,195787.0,565542.0
0.5,0.2,1.0,198898.0,592037.0
0.5,0.2,1.0,194762.0,47282.0
0.5,0.2,1.0,198749.0,510963.0
0.5,0.2,1.0,200893.0,541085.0
0.5,0.2,1.0,203033.0,576332.0
0.5,0.2,1.0,203.38,585487.0
0.5,0.2,1.0,209211.0,659206.0
0.5,0.2,1.0,211639.0,68782.0
0.5,0.2,1.0,213089.0,705619.0
0.5,0.2,1.0,214797.0,720389.0
0.5,0.2,1.0,215297.0,731835.0
0.5,0.2,1.0,215959.0,744507.0
0.5,0.2,1.0,219285.0,789333.0
0.5,0.2,1.0,230429.0,842174.0
0.5,0.2,1.0,233166.0,857561.0
0.5,0.2,1.0,222856.0,640248.0
0.5,0.2,1.0,227435.0,681067.0
0.5,0.2,1.0,229786.0,70653.0
0.5,0.2,1.0,231975.0,731993.0
0.5,0.2,1.0,233567.0,745945.0
0.5,0.2,1.0,236275.0,785963.0
0.5,0.2,1.0,237994.0,802232.0
0.5,0.2,1.0,239.02,814591.0
0.5,0.2,1.0,240507.0,841308.0
0.5,0.2,1.0,241107.0,842518.0
0.5,0.2,1.0,242343.0,866099.0
0.5,0.2,1.0,243217.0,878039.0
0.5,0.2,1.0,243741.0,877301.0
0.5,0.2,1.0,244847.0,899347.0
0.5,0.2,1.0,255473.0,955959.0
0.5,0.2,1.0,257524.0,978596.0
0.5,0.2,1.0,247.99,794719.0
0.5,0.2,1.0,248983.0,803927.0
0.5,0.2,1.0,254373.0,867755.0
0.5,0.2,1.0,257351.0,916844.0
0.5,0.2,1.0,259651.0,95129.0
0.5,0.2,1.0,259816.0,954923.0
0.5,0.2,1.0,260776.0,969513.0
0.5,0.2,1.0,261705.0,983525.0
0.5,0.2,1.0,262335.0,995813.0
0.5,0.2,1.0,263148.0,100849.0
0.5,0.2,1.0,263803.0,101505.0
0.5,0.2,1.0,264345.0,102727.0
0.5,0.2,1.0,264989.0,103534.0
0.5,0.2,1.0,265832.0,104889.0
0.5,0.2,1.0,266468.0,105727.0
0.5,0.2,1.0,267094.0,106425.0
0.5,0.2,1.0,267781.0,107083.0
0.5,0.2,1.0,268097.0,108006.0
0.5,0.2,1.0,268691.0,108062.0
0.5,0.2,1.0,278629.0,113586.0
0.5,0.2,1.0,280358.0,114187.0
0.5,0.2,1.0,275238.0,103982.0
0.5,0.2,1.0,269095.0,93943.0
0.5,0.2,1.0,271223.0,956068.0
0.5,0.2,1.0,273022.0,973839.0
0.5,0.2,1.0,274403.0,993396.0
0.5,0.2,1.0,275587.0,101041.0
0.5,0.2,1.0,277176.0,103156.0
0.5,0.2,1.0,278359.0,105129.0
0.5,0.2,1.0,279.79,107265.0
0.5,0.2,1.0,280.78,108983.0
0.5,0.2,1.0,281942.0,110.69
0.5,0.2,1.0,282.9,112161.0
0.5,0.2,1.0,283.78,113666.0
0.5,0.2,1.0,284836.0,114546.0
0.5,0.2,1.0,285.43,116252.0
0.5,0.2,1.0,286168.0,117455.0
0.5,0.2,1.0,286815.0,118662.0
0.5,0.2,1.0,287309.0,119.85
0.5,0.2,1.0,287755.0,120932.0
0.5,0.2,1.0,288796.0,121823.0
0.5,0.2,1.0,288926.0,123096.0
0.5,0.2,1.0,289582.0,123792.0
0.5,0.2,1.0,290243.0,125138.0
0.5,0.2,1.0,291473.0,125608.0
0.5,0.2,1.0,291999.0,126606.0
0.5,0.2,1.0,292533.0,126934.0
0.5,0.2,1.0,296888.0,117841.0
0.5,0.2,1.0,299904.0,122041.0
0.5,0.2,1.0,300963.0,123915.0
0.5,0.2,1.0,302411.0,126044.0
0.5,0.2,1.0,303672.0,127695.0
0.5,0.2,1.0,304461.0,128887.0
0.5,0.2,1.0,305333.0,129936.0
0.5,0.2,1.0,306232.0,131243.0
0.5,0.2,1.0,306989.0,132632.0
0.5,0.2,1.0,307807.0,133484.0
0.5,0.2,1.0,308724.0,134876.0
0.5,0.2,1.0,309664.0,136425.0
0.5,0.2,1.0,310538.0,138025.0
0.5,0.2,1.0,311056.0,139426.0
0.5,0.2,1.0,312.45,141471.0
0.5,0.2,1.0,313153.0,143243.0
0.5,0.2,1.0,313954.0,144768.0
0.5,0.2,1.0,314.69,146025.0
0.5,0.2,1.0,315313.0,147441.0
0.5,0.2,1.0,316037.0,148901.0
0.5,0.2,1.0,316718.0,150039.0
0.5,0.2,1.0,317282.0,151524.0
0.5,0.2,1.0,318069.0,152422.0
0.5,0.2,1.0,318662.0,153682.0
0.5,0.2,1.0,318536.0,154.66
0.5,0.2,1.0,319537.0,155768.0
0.5,0.2,1.0,320.36,156618.0
0.5,0.2,1.0,320921.0,157545.0
0.5,0.2,1.0,321254.0,158623.0
0.5,0.2,1.0,321289.0,159.69
0.5,0.2,1.0,321776.0,160514.0
0.5,0.2,1.0,322504.0,161224.0
0.5,0.2,1.0,322928.0,162374.0
0.5,0.2,1.0,323144.0,163086.0
0.5,0.2,1.0,323706.0,164241.0
0.5,0.2,1.0,324248.0,165006.0
0.5,0.2,1.0,324772.0,165883.0
0.5,0.2,1.0,324874.0,166471.0
0.5,0.2,1.0,325.58,167281.0
0.5,0.2,1.0,325928.0,167701.0
0.5,0.2,1.0,334.24,172293.0
0.5,0.2,1.0,316983.0,140592.0
0.5,0.2,1.0,321391.0,145837.0
0.5,0.2,1.0,325521.0,150373.0
0.5,0.2,1.0,327936.0,153616.0
0.5,0.2,1.0,328788.0,154.7
0.5,0.2,1.0,329361.0,155491.0
0.5,0.2,1.0,329.89,155807.0
0.5,0.2,1.0,330.04,156532.0
0.5,0.2,1.0,330324.0,156975.0
0.5,0.2,1.0,331042.0,157132.0
0.5,0.2,1.0,331401.0,157621.0
0.5,0.2,1.0,331817.0,157669.0
0.5,0.2,1.0,332099.0,158224.0
0.5,0.2,1.0,332493.0,158553.0
0.5,0.2,1.0,332883.0,158999.0
0.5,0.2,1.0,333268.0,159044.0
0.5,0.2,1.0,333633.0,159718.0
0.5,0.2,1.0,333891.0,160171.0
0.5,0.2,1.0,334.59,160188.0
0.5,0.2,1.0,334752.0,161071.0
0.5,0.2,1.0,335408.0,161081.0
0.5,0.2,1.0,335591.0,161707.0
0.5,0.2,1.0,336206.0,161829.0
0.5,0.2,1.0,336698.0,162338.0
0.5,0.2,1.0,336769.0,162926.0
0.5,0.2,1.0,337059.0,163406.0
0.5,0.2,1.0,337311.0,163878.0
0.5,0.2,1.0,337587.0,164098.0
0.5,0.2,1.0,337866.0,164369.0
0.5,0.2,1.0,338455.0,165095.0
0.5,0.2,1.0,338325.0,165042.0
0.5,0.2,1.0,338813.0,165323.0
0.5,0.2,1.0,339142.0,165677.0
0.5,0.2,1.0,339474.0,165922.0
0.5,0.2,1.0,339.83,166079.0
0.5,0.2,1.0,340051.0,166189.0
0.5,0.2,1.0,340246.0,166587.0
0.5,0.2,1.0,340655.0,166821.0
0.5,0.2,1.0,340769.0,166889.0
0.5,0.2,1.0,341022.0,166918.0
0.5,0.2,1.0,341224.0,167099.0
0.5,0.2,1.0,341.02,167089.0
0.5,0.2,1.0,341354.0,167279.0
0.5,0.2,1.0,341476.0,167415.0
0.5,0.2,1.0,341923.0,168273.0
0.5,0.2,1.0,342436.0,168.33
0.5,0.2,1.0,343.4,169573.0
0.5,0.2,1.0,344393.0,171057.0
0.5,0.2,1.0,345586.0,172765.0
0.5,0.2,1.0,346582.0,174288.0
0.5,0.2,1.0,347974.0,176217.0
0.5,0.2,1.0,348.94,177688.0
0.5,0.2,1.0,350227.0,179703.0
0.5,0.2,1.0,351533.0,181946.0
0.5,0.2,1.0,352597.0,184059.0
0.5,0.2,1.0,353984.0,186.35
0.5,0.2,1.0,354944.0,188467.0
0.5,0.2,1.0,356115.0,190237.0
0.5,0.2,1.0,357.55,192446.0
0.5,0.2,1.0,358412.0,194757.0
0.5,0.2,1.0,360227.0,196576.0
0.2,0.5,1.5,829451.0,904705.0
0.2,0.5,1.5,105.14,923158.0
0.2,0.5,1.5,139873.0,145846.0
0.2,0.5,1.5,150822.0,180734.0
0.2,0.5,1.5,187372.0,222435.0
0.2,0.5,1.5,204966.0,257306.0
0.2,0.5,1.5,210838.0,259646.0
0.2,0.5,1.5,228636.0,301194.0
0.2,0.5,1.5,231383.0,301621.0
0.2,0.5,1.5,247523.0,348679.0
0.2,0.5,1.5,253755.0,361852.0
0.2,0.5,1.5,256934.0,365391.0
0.2,0.5,1.5,271895.0,419464.0
0.2,0.5,1.5,275145.0,416779.0
0.2,0.5,1.5,289791.0,458424.0
0.2,0.5,1.5,292538.0,459608.0
0.2,0.5,1.5,305037.0,526883.0
0.2,0.5,1.5,309114.0,555428.0
0.2,0.5,1.5,311515.0,552257.0
0.2,0.5,1.5,314098.0,538561.0
0.2,0.5,1.5,318936.0,533363.0
0.2,0.5,1.5,323789.0,534481.0
0.2,0.5,1.5,335707.0,617975.0
0.2,0.5,1.5,340359.0,64916.0
0.2,0.5,1.5,341193.0,658128.0
0.2,0.5,1.5,351036.0,72807.0
0.2,0.5,1.5,354.47,747266.0
0.2,0.5,1.5,354914.0,734815.0
0.2,0.5,1.5,351444.0,607968.0
0.2,0.5,1.5,354018.0,606116.0
0.2,0.5,1.5,360199.0,629036.0
0.2,0.5,1.5,376025.0,759057.0
0.2,0.5,1.5,381453.0,810662.0
0.2,0.5,1.5,384612.0,844585.0
0.2,0.5,1.5,385802.0,854369.0
0.2,0.5,1.5,393565.0,894867.0
0.2,0.5,1.5,393205.0,814277.0
0.2,0.5,1.5,396432.0,85302.0
0.2,0.5,1.5,399026.0,892577.0
0.2,0.5,1.5,400759.0,919856.0
0.2,0.5,1.5,403.81,950472.0
0.2,0.5,1.5,419731.0,104116.0
0.2,0.5,1.5,424353.0,107325.0
0.2,0.5,1.5,427245.0,110126.0
0.2,0.5,1.5,429495.0,112777.0
0.2,0.5,1.5,430215.0,112961.0
0.2,0.5,1.5,435491.0,116598.0
0.2,0.5,1.5,424139.0,881013.0
0.2,0.5,1.5,429263.0,919504.0
0.2,0.5,1.5,433.65,984679.0
0.2,0.5,1.5,437076.0,103847.0
0.2,0.5,1.5,437851.0,104097.0
0.2,0.5,1.5,450885.0,113733.0
0.2,0.5,1.5,460.74,123775.0
0.2,0.5,1.5,464.4,128146.0
0.2,0.5,1.5,466619.0,128921.0
0.2,0.5,1.5,465.79,124039.0
0.2,0.5,1.5,461025.0,110203.0
0.2,0.5,1.5,465933.0,115958.0
0.2,0.5,1.5,473772.0,126835.0
0.2,0.5,1.5,477602.0,132318.0
0.2,0.5,1.5,479907.0,135.42
0.2,0.5,1.5,481215.0,137547.0
0.2,0.5,1.5,493009.0,143363.0
0.2,0.5,1.5,494039.0,144634.0
0.2,0.5,1.5,502416.0,153297.0
0.2,0.5,1.5,505888.0,157173.0
0.2,0.5,1.5,507.24,156.7
0.2,0.5,1.5,505566.0,149203.0
0.2,0.5,1.5,501768.0,138.88
0.2,0.5,1.5,497441.0,126836.0
0.2,0.5,1.5,501805.0,133381.0
0.2,0.5,1.5,504328.0,136741.0
0.2,0.5,1.5,510538.0,145226.0
0.2,0.5,1.5,514452.0,150673.0
0.2,0.5,1.5,515.93,152.59
0.2,0.5,1.5,528892.0,161178.0
0.2,0.5,1.5,533132.0,165761.0
0.2,0.5,1.5,535732.0,169388.0
0.2,0.5,1.5,538803.0,170335.0
0.2,0.5,1.5,536009.0,161348.0
0.2,0.5,1.5,531622.0,151383.0
0.2,0.5,1.5,525453.0,139971.0
0.2,0.5,1.5,527348.0,140918.0
0.2,0.5,1.5,532064.0,146708.0
0.2,0.5,1.5,536146.0,151957.0
0.2,0.5,1.5,539198.0,156027.0
0.2,0.5,1.5,542757.0,161058.0
0.2,0.5,1.5,542757.0,161058.0
0.2,0.5,1.5,533607.0,140004.0
0.2,0.5,1.5,542604.0,140151.0
0.2,0.5,1.5,538895.0,144453.0
0.2,0.5,1.5,538895.0,144453.0
0.2,0.5,1.5,547733.0,158541.0
0.2,0.5,1.5,550.68,160916.0
0.2,0.5,1.5,553087.0,163677.0
0.2,0.5,1.5,555497.0,164124.0
0.2,0.5,1.5,572.87,174993.0
0.2,0.5,1.5,579268.0,179022.0
0.2,0.5,1.5,581473.0,190519.0
0.2,0.5,1.5,586162.0,198279.0
0.2,0.5,1.5,588581.0,203157.0
0.2,0.5,1.5,589.19,205629.0
0.2,0.5,1.5,595216.0,214064.0
0.2,0.5,1.5,597817.0,218237.0
0.2,0.5,1.5,599709.0,221509.0
0.2,0.5,1.5,601845.0,224264.0
0.2,0.5,1.5,602667.0,226745.0
0.2,0.5,1.5,604581.0,228725.0
0.2,0.5,1.5,605365.0,230846.0
0.2,0.5,1.5,606598.0,232666.0
0.2,0.5,1.5,607084.0,233627.0
0.2,0.5,1.5,618271.0,237324.0
0.2,0.5,1.5,605439.0,205241.0
0.2,0.5,1.5,585038.0,172217.0
0.2,0.5,1.5,588138.0,174238.0
0.2,0.5,1.5,595891.0,184168.0
0.2,0.5,1.5,604462.0,196619.0
0.2,0.5,1.5,611859.0,207582.0
0.2,0.5,1.5,616707.0,217063.0
0.2,0.5,1.5,620717.0,224788.0
0.2,0.5,1.5,623759.0,230736.0
0.2,0.5,1.5,625713.0,235288.0
0.2,0.5,1.5,626605.0,236448.0
0.2,0.5,1.5,628212.0,239739.0
0.2,0.5,1.5,629899.0,242481.0
0.2,0.5,1.5,631341.0,245147.0
0.2,0.5,1.5,632112.0,247449.0
0.2,0.5,1.5,633334.0,249385.0
0.2,0.5,1.5,633697.0,250828.0
0.2,0.5,1.5,645868.0,255306.0
0.2,0.5,1.5,629789.0,220459.0
0.2,0.5,1.5,607212.0,185.44
0.2,0.5,1.5,612529.0,190675.0
0.2,0.5,1.5,619141.0,198739.0
0.2,0.5,1.5,623361.0,204.11
0.2,0.5,1.5,629404.0,212719.0
0.2,0.5,1.5,633568.0,219465.0
0.2,0.5,1.5,637838.0,227098.0
0.2,0.5,1.5,640648.0,232806.0
0.2,0.5,1.5,643041.0,237236.0
0.2,0.5,1.5,645399.0,242074.0
0.2,0.5,1.5,647643.0,245111.0
0.2,0.5,1.5,648599.0,248216.0
0.2,0.5,1.5,650.43,250584.0
0.2,0.5,1.5,651477.0,253228.0
0.2,0.5,1.5,652481.0,254858.0
0.2,0.5,1.5,653571.0,256562.0
0.2,0.5,1.5,653571.0,256562.0
0.2,0.5,1.5,626499.0,211433.0
0.2,0.5,1.5,640867.0,213531.0
0.2,0.5,1.5,636444.0,212513.0
0.2,0.5,1.5,641798.0,217063.0
0.2,0.5,1.5,648785.0,226263.0
0.2,0.5,1.5,654321.0,234755.0
0.2,0.5,1.5,657701.0,240.4
0.2,0.5,1.5,660594.0,245364.0
0.2,0.5,1.5,662938.0,249517.0
0.2,0.5,1.5,664786.0,252915.0
0.2,0.5,1.5,666403.0,255735.0
0.2,0.5,1.5,667.63,257903.0
0.2,0.5,1.5,668989.0,260135.0
0.2,0.5,1.5,670.2,262051.0
0.2,0.5,1.5,671266.0,263735.0
0.2,0.5,1.5,672054.0,265034.0
0.2,0.5,1.5,673096.0,266754.0
0.2,0.5,1.5,674118.0,268257.0
0.2,0.5,1.5,675036.0,269795.0
0.2,0.5,1.5,675599.0,270903.0
0.2,0.5,1.5,677117.0,273134.0
0.2,0.5,1.5,689789.0,280272.0
0.2,0.5,1.5,656992.0,222973.0
0.2,0.5,1.5,667739.0,237.52
0.2,0.5,1.5,677245.0,250696.0
0.2,0.5,1.5,682866.0,259451.0
0.2,0.5,1.5,686429.0,265867.0
0.2,0.5,1.5,689185.0,271186.0
0.2,0.5,1.5,691819.0,276199.0
0.2,0.5,1.5,694273.0,280227.0
0.2,0.5,1.5,695.45,282831.0
0.2,0.5,1.5,697015.0,285102.0
0.2,0.5,1.5,698565.0,288076.0
0.2,0.5,1.5,699615.0,289856.0
0.2,0.5,1.5,699971.0,291264.0
0.2,0.5,1.5,701089.0,292864.0
0.2,0.5,1.5,701721.0,294259.0
0.2,0.5,1.5,702599.0,296028.0
0.2,0.5,1.5,703248.0,297259.0
0.2,0.5,1.5,703.34,297.39
0.2,0.5,1.5,704343.0,299508.0
0.2,0.5,1.5,705216.0,301.09
0.2,0.5,1.5,706085.0,303198.0
0.2,0.5,1.5,706761.0,304896.0
0.2,0.5,1.5,707624.0,306412.0
0.2,0.5,1.5,709057.0,308048.0
0.2,0.5,1.5,709219.0,309319.0
0.2,0.5,1.5,709955.0,310453.0
0.2,0.5,1.5,709957.0,290245.0
0.2,0.5,1.5,679616.0,240949.0
0.2,0.5,1.5,687889.0,249.49
0.2,0.5,1.5,696336.0,260656.0
0.2,0.5,1.5,703522.0,270458.0
0.2,0.5,1.5,710161.0,280465.0
0.2,0.5,1.5,715811.0,289826.0
0.2,0.5,1.5,720818.0,299361.0
0.2,0.5,1.5,724288.0,306846.0
0.2,0.5,1.5,727118.0,312.26
0.2,0.5,1.5,727492.0,313038.0
0.2,0.5,1.5,729415.0,317256.0
0.2,0.5,1.5,731478.0,321574.0
0.2,0.5,1.5,733207.0,324961.0
0.2,0.5,1.5,734027.0,328373.0
0.2,0.5,1.5,735744.0,330987.0
0.2,0.5,1.5,736717.0,333337.0
0.2,0.5,1.5,738254.0,335.39
0.2,0.5,1.5,739295.0,337065.0
0.2,0.5,1.5,740251.0,338697.0
0.2,0.5,1.5,740875.0,340574.0
0.2,0.5,1.5,741985.0,342092.0
0.2,0.5,1.5,742408.0,343654.0
0.2,0.5,1.5,741315.0,345247.0
0.2,0.5,1.5,743702.0,346395.0
0.2,0.5,1.5,744677.0,347637.0
0.2,0.5,1.5,743736.0,349016.0
0.2,0.5,1.5,745735.0,350.29
0.2,0.5,1.5,746396.0,351335.0
0.2,0.5,1.5,745533.0,352402.0
0.2,0.5,1.5,747314.0,353.69
0.2,0.5,1.5,748235.0,354704.0
0.2,0.5,1.5,748287.0,355405.0
0.2,0.5,1.5,760064.0,360.88
0.2,0.5,1.5,714812.0,277573.0
0.2,0.5,1.5,724414.0,287906.0
0.2,0.5,1.5,732727.0,298602.0
0.2,0.5,1.5,739254.0,307184.0
0.2,0.5,1.5,739963.0,306852.0
0.2,0.5,1.5,744419.0,313179.0
0.2,0.5,1.5,747406.0,318425.0
0.2,0.5,1.5,749.93,323854.0
0.2,0.5,1.5,751966.0,328063.0
0.2,0.5,1.5,754226.0,333431.0
0.2,0.5,1.5,756081.0,337631.0
0.2,0.5,1.5,758458.0,342443.0
0.2,0.5,1.5,760398.0,346927.0
0.2,0.5,1.5,762817.0,352494.0
0.2,0.5,1.5,764903.0,356638.0
0.2,0.5,1.5,766565.0,359991.0
0.2,0.5,1.5,767723.0,362845.0
0.2,0.5,1.5,769251.0,365371.0
0.2,0.5,1.5,770392.0,367514.0
0.2,0.5,1.5,771207.0,369747.0
0.2,0.5,1.5,771725.0,371585.0
0.2,0.5,1.5,773544.0,373227.0
0.2,0.5,1.5,774177.0,374906.0
0.2,0.5,1.5,774.62,376492.0
0.2,0.5,1.5,774997.0,377884.0
0.2,0.5,1.5,776312.0,379265.0
0.2,0.5,1.5,777409.0,380338.0
0.2,0.5,1.5,778217.0,381677.0
0.2,0.5,1.5,778782.0,382904.0
0.2,0.5,1.5,779405.0,384282.0
0.2,0.5,1.5,779964.0,385496.0
0.2,0.5,1.5,780706.0,386777.0
0.2,0.5,1.5,781147.0,387936.0
0.2,0.5,1.5,782168.0,388928.0
0.2,0.5,1.5,782.53,390103.0
0.2,0.5,1.5,783058.0,391129.0
0.2,0.5,1.5,783717.0,392086.0
0.2,0.5,1.5,784867.0,392929.0
0.2,0.5,1.5,785112.0,394095.0
0.2,0.5,1.5,798496.0,403822.0
0.2,0.5,1.5,752997.0,318774.0
0.2,0.5,1.5,765005.0,333938.0
0.2,0.5,1.5,776589.0,350071.0
0.2,0.5,1.5,787252.0,366352.0
0.2,0.5,1.5,793582.0,377232.0
0.2,0.5,1.5,796788.0,383333.0
0.2,0.5,1.5,798218.0,386.85
0.2,0.5,1.5,800084.0,390256.0
0.2,0.5,1.5,801711.0,393596.0
0.2,0.5,1.5,803313.0,397445.0
0.2,0.5,1.5,804668.0,400417.0
0.2,0.5,1.5,806239.0,404213.0
0.2,0.5,1.5,807543.0,406.51
0.2,0.5,1.5,807543.0,406.51
0.2,0.5,1.5,770385.0,347929.0
0.2,0.5,1.5,769186.0,345003.0
0.2,0.5,1.5,771762.0,347963.0
0.2,0.5,1.5,773.55,349483.0
0.2,0.5,1.5,774.59,350333.0
0.2,0.5,1.5,775257.0,350559.0
0.2,0.5,1.5,775817.0,350835.0
0.2,0.5,1.5,775575.0,349989.0
0.2,0.5,1.5,776067.0,349775.0
0.2,0.5,1.5,775783.0,349073.0
0.2,0.5,1.5,785722.0,360837.0
0.2,0.5,1.5,799005.0,380127.0
0.2,0.5,1.5,807.7,395136.0
0.2,0.5,1.5,811693.0,400724.0
0.2,0.5,1.5,812.94,401499.0
0.2,0.5,1.5,812.89,399907.0
0.2,0.5,1.5,813996.0,400067.0
0.2,0.5,1.5,814837.0,399515.0
0.2,0.5,1.5,814633.0,397656.0
0.2,0.5,1.5,814134.0,395777.0
0.2,0.5,1.5,814035.0,394395.0
0.2,0.5,1.5,824956.0,395748.0
0.2,0.5,1.5,828576.0,412508.0
0.2,0.5,1.5,835705.0,424653.0
0.2,0.5,1.5,840419.0,434276.0
0.2,0.5,1.5,844215.0,442034.0
0.2,0.5,1.5,847304.0,448497.0
0.2,0.5,1.5,849521.0,454215.0
0.2,0.5,1.5,851461.0,458037.0
0.2,0.5,1.5,853329.0,461824.0
0.2,0.5,1.5,854781.0,464978.0
0.2,0.5,1.5,855967.0,467582.0
0.2,0.5,1.5,857116.0,469873.0
0.2,0.5,1.5,858131.0,471862.0
0.2,0.5,1.5,859037.0,473687.0
0.2,0.5,1.5,859907.0,475618.0
0.2,0.5,1.5,860676.0,477.28
0.2,0.5,1.5,861.53,478896.0
0.2,0.5,1.5,862251.0,480361.0
0.2,0.5,1.5,863039.0,481879.0
0.2,0.5,1.5,863721.0,483232.0
0.2,0.5,1.5,864462.0,484577.0
0.2,0.5,1.5,865254.0,485956.0
0.2,0.5,1.5,865.99,487298.0
0.2,0.5,1.5,866738.0,488548.0
0.2,0.5,1.5,867438.0,489788.0
0.2,0.5,1.5,868071.0,491061.0
0.2,0.5,1.5,868767.0,492367.0
0.2,0.5,1.5,869474.0,493584.0
0.2,0.5,1.5,870155.0,494767.0
0.2,0.5,1.5,870828.0,495916.0
0.2,0.5,1.5,871454.0,497116.0
0.2,0.5,1.5,872093.0,498292.0
0.2,0.5,1.5,872732.0,499444.0
0.2,0.5,1.5,873405.0,500553.0
0.2,0.5,1.5,874123.0,501.66
0.2,0.5,1.5,874758.0,502786.0
0.2,0.5,1.5,875446.0,503918.0
0.2,0.5,1.5,876046.0,505008.0
0.2,0.5,1.5,876652.0,506.08
0.2,0.5,1.5,877276.0,507134.0
0.2,0.5,1.5,877947.0,508103.0
0.2,0.5,1.5,878579.0,509172.0
0.2,0.5,1.5,879186.0,510157.0
0.2,0.5,1.5,879144.0,510708.0
0.2,0.5,1.5,883551.0,516839.0
0.2,0.5,1.5,884956.0,518332.0
0.2,0.5,1.5,885705.0,519573.0
0.2,0.5,1.5,886452.0,520675.0
0.2,0.5,1.5,887212.0,521699.0
0.2,0.5,1.5,887948.0,522637.0
0.2,0.5,1.5,891405.0,524049.0
0.2,0.5,1.5,891625.0,526757.0
0.2,0.5,1.5,890256.0,521601.0
0.2,0.5,1.5,891242.0,513211.0
0.2,0.5,1.5,883496.0,500785.0
0.2,0.5,1.5,879281.0,491026.0
0.2,0.5,1.5,876973.0,485689.0
0.2,0.5,1.5,875573.0,482182.0
0.2,0.5,1.5,871531.0,474267.0
0.2,0.5,1.5,869367.0,469158.0
0.2,0.5,1.5,866899.0,463709.0
0.2,0.5,1.5,863946.0,457757.0
0.2,0.5,1.5,861055.0,451.96
0.2,0.5,1.5,857253.0,444526.0
0.2,0.5,1.5,855441.0,439847.0
0.2,0.5,1.5,857415.0,437583.0
0.2,0.5,1.5,867407.0,449072.0
0.2,0.5,1.5,871271.0,455193.0
0.2,0.5,1.5,875047.0,461892.0
0.2,0.5,1.5,878346.0,467156.0
0.2,0.5,1.5,883.53,477337.0
0.2,0.5,1.5,887267.0,485533.0
0.2,0.5,1.5,887267.0,485533.0
0.2,0.5,1.5,893569.0,515.1
0.2,0.5,1.5,895737.0,522.19
0.2,0.5,1.5,897.37,524.65
0.2,0.5,1.5,898.48,525.81
0.2,0.5,1.5,897521.0,521154.0
0.2,0.5,1.5,903368.0,530111.0
0.2,0.5,1.5,905488.0,533284.0
0.2,0.5,1.5,908008.0,536696.0
0.2,0.5,1.5,911471.0,541427.0
0.2,0.5,1.5,913921.0,544766.0
0.2,0.5,1.5,917.53,549266.0
0.2,0.5,1.5,921.9,555571.0
0.2,0.5,1.5,925695.0,561992.0
0.2,0.5,1.5,929984.0,567341.0
0.2,0.5,1.5,929316.0,570848.0
0.2,0.5,1.5,933571.0,574821.0
0.2,0.5,1.5,932063.0,576367.0
0.2,0.5,1.5,931162.0,576709.0
0.2,0.5,1.5,930123.0,576294.0
0.2,0.5,1.5,930123.0,576294.0
0.2,0.5,1.5,929143.0,577148.0
0.2,0.5,1.5,880877.0,497178.0
0.2,0.5,1.5,886913.0,497468.0
0.2,0.5,1.5,893599.0,504675.0
0.2,0.5,1.5,901518.0,514835.0
0.2,0.5,1.5,906495.0,522355.0
0.2,0.5,1.5,911405.0,528933.0
0.2,0.5,1.5,917593.0,537965.0
0.2,0.5,1.5,925815.0,549665.0
0.2,0.5,1.5,933485.0,563317.0
0.2,0.5,1.5,940497.0,572956.0
0.2,0.5,1.5,936.03,574756.0
0.2,0.5,1.5,930705.0,561905.0
0.2,0.5,1.5,935354.0,569513.0
0.2,0.5,1.5,943.27,574047.0
0.2,0.5,1.5,943129.0,575377.0
0.2,0.5,1.5,939221.0,576472.0
0.2,0.5,1.5,937699.0,576146.0
0.2,0.5,1.5,937699.0,576146.0
0.2,0.5,1.5,919159.0,545.87
0.2,0.5,1.5,921.51,545889.0
0.2,0.5,1.5,926483.0,548426.0
0.2,0.5,1.5,929854.0,551066.0
0.2,0.5,1.5,934916.0,559141.0
0.2,0.5,1.5,939731.0,567277.0
0.2,0.5,1.5,946373.0,575935.0
0.2,0.5,1.5,947267.0,578567.0
0.2,0.5,1.5,943722.0,579217.0
0.2,0.5,1.5,903027.0,505768.0
0.2,0.5,1.5,911329.0,510479.0
0.2,0.5,1.5,925003.0,527809.0
0.2,0.5,1.5,931991.0,534134.0
0.2,0.5,1.5,933.71,539778.0
0.2,0.5,1.5,942.0,551446.0
0.2,0.5,1.5,949754.0,565279.0
0.2,0.5,1.5,957145.0,576251.0
0.2,0.5,1.5,953354.0,578607.0
0.2,0.5,1.5,951655.0,578962.0
0.2,0.5,1.5,909038.0,501759.0
0.2,0.5,1.5,916192.0,502829.0
0.2,0.5,1.5,926186.0,515167.0
0.2,0.5,1.5,936226.0,529146.0
0.2,0.5,1.5,947335.0,548581.0
0.2,0.5,1.5,956077.0,566508.0
0.2,0.5,1.5,955614.0,570339.0
0.2,0.5,1.5,956181.0,572905.0
0.2,0.5,1.5,953394.0,575.66
0.2,0.5,1.5,934522.0,538218.0
0.2,0.5,1.5,911779.0,496935.0
0.2,0.5,1.5,921895.0,504327.0
0.2,0.5,1.5,931423.0,516332.0
0.2,0.5,1.5,942356.0,536.44
0.2,0.5,1.5,951.37,556483.0
0.2,0.5,1.5,958318.0,570539.0
0.2,0.5,1.5,960465.0,576239.0
0.2,0.5,1.5,960202.0,577625.0
0.2,0.5,1.5,929661.0,541235.0
0.2,0.5,1.5,944999.0,579.25
0.2,0.5,1.5,952528.0,587313.0
0.2,0.5,1.5,946818.0,592264.0
0.2,0.5,1.5,948.54,594979.0
0.2,0.5,1.5,945743.0,598579.0
0.2,0.5,1.5,947997.0,601578.0
0.2,0.5,1.5,948748.0,603856.0
0.2,0.5,1.5,950659.0,605585.0
0.2,0.5,1.5,950659.0,605585.0
0.2,0.5,1.5,945918.0,602666.0
0.2,0.5,1.5,930199.0,539635.0
0.2,0.5,1.5,948914.0,568365.0
0.2,0.5,1.5,956109.0,581137.0
0.2,0.5,1.5,961507.0,590007.0
0.2,0.5,1.5,965.76,594409.0
0.2,0.5,1.5,969986.0,595514.0
0.2,0.5,1.5,972187.0,595559.0
0.2,0.5,1.5,970.97,595.72
0.2,0.5,1.5,970.97,595.72
0.2,0.5,1.5,918848.0,503548.0
0.2,0.5,1.5,935852.0,513761.0
0.2,0.5,1.5,954293.0,537665.0
0.2,0.5,1.5,969362.0,566931.0
0.2,0.5,1.5,969981.0,571115.0
0.2,0.5,1.5,969.89,573778.0
0.2,0.5,1.5,969.89,573778.0
0.2,0.5,1.5,957043.0,545.85
0.2,0.5,1.5,966171.0,559921.0
0.2,0.5,1.5,974187.0,574523.0
0.2,0.5,1.5,954821.0,548314.0
0.2,0.5,1.5,962557.0,563238.0
0.2,0.5,1.5,967275.0,573342.0
0.2,0.5,1.5,967769.0,569549.0
0.2,0.5,1.5,971408.0,572598.0
0.2,0.5,1.5,976058.0,579447.0
0.2,0.5,1.5,981907.0,584789.0
0.2,0.5,1.5,981762.0,584.82
0.2,0.5,1.5,932806.0,495444.0
0.2,0.5,1.5,947619.0,513911.0
0.2,0.5,1.5,963094.0,537894.0
0.2,0.5,1.5,974159.0,558561.0
0.2,0.5,1.5,982422.0,573009.0
0.2,0.5,1.5,984101.0,578469.0
0.2,0.5,1.5,976943.0,581113.0
0.2,0.5,1.5,983746.0,587476.0
0.2,0.5,1.5,984215.0,588912.0
0.2,0.5,1.5,984215.0,588912.0
0.2,0.5,1.5,985.76,592.3
0.2,0.5,1.5,989111.0,593759.0
0.2,0.5,1.5,990488.0,593432.0
0.2,0.5,1.5,935928.0,491216.0
0.2,0.5,1.5,942228.0,496.79
0.2,0.5,1.5,961007.0,526353.0
0.2,0.5,1.5,975492.0,553612.0
0.2,0.5,1.5,980258.0,559189.0
0.2,0.5,1.5,985779.0,566679.0
0.2,0.5,1.5,993178.0,578817.0
0.2,0.5,1.5,998.34,586567.0
0.2,0.5,1.5,948602.0,502543.0
0.2,0.5,1.5,958787.0,515907.0
0.2,0.5,1.5,968608.0,527918.0
0.2,0.5,1.5,982578.0,553211.0
0.2,0.5,1.5,992091.0,572597.0
0.2,0.5,1.5,998513.0,584402.0
0.2,0.5,1.5,1000.09,588158.0
0.2,0.5,1.5,997376.0,590.87
0.2,0.5,1.5,934928.0,472821.0
0.2,0.5,1.5,942352.0,480225.0
0.2,0.5,1.5,957067.0,498742.0
0.2,0.5,1.5,970424.0,518.39
0.2,0.5,1.5,989316.0,555712.0
0.2,0.5,1.5,998546.0,577025.0
0.2,0.5,1.5,1000.18,580586.0
0.2,0.5,1.5,1000.75,582838.0
0.2,0.5,1.5,1000.75,582838.0
0.2,0.5,1.5,986974.0,558074.0
0.2,0.5,1.5,997158.0,577.8
0.2,0.5,1.5,1003.35,588358.0
0.2,0.5,1.5,1006.26,591494.0
0.2,0.5,1.5,962963.0,517319.0
0.2,0.5,1.5,974922.0,533632.0
0.2,0.5,1.5,991519.0,564931.0
0.2,0.5,1.5,997024.0,574597.0
0.2,0.5,1.5,1003.41,586651.0
0.2,0.5,1.5,1010.82,594041.0
0.2,0.5,1.5,1010.96,596704.0
0.2,0.5,1.5,1008.69,597747.0
0.2,0.5,1.5,953384.0,490396.0
0.2,0.5,1.5,967129.0,510074.0
0.2,0.5,1.5,987484.0,542927.0
0.2,0.5,1.5,1000.07,565789.0
0.2,0.5,1.5,1008.74,584348.0
0.2,0.5,1.5,1013.21,592601.0
0.2,0.5,1.5,1013.38,595678.0
0.2,0.5,1.5,963911.0,506913.0
0.2,0.5,1.5,973577.0,520122.0
0.2,0.5,1.5,990063.0,547717.0
0.2,0.5,1.5,1001.17,568454.0
0.2,0.5,1.5,1009.7,585627.0
0.2,0.5,1.5,1015.52,595536.0
0.2,0.5,1.5,1014.25,596901.0
0.2,0.5,1.5,1014.25,596901.0
0.2,0.5,1.5,1006.7,575932.0
0.2,0.5,1.5,1014.33,588.51
0.2,0.5,1.5,1019.37,595448.0
0.2,0.5,1.5,963179.0,504773.0
0.2,0.5,1.5,957621.0,488089.0
0.2,0.5,1.5,960754.0,487662.0
0.2,0.5,1.5,968591.0,496026.0
0.2,0.5,1.5,982.98,518248.0
0.2,0.5,1.5,995882.0,538075.0
0.2,0.5,1.5,1009.83,563634.0
0.2,0.5,1.5,1019.22,583959.0
0.2,0.5,1.5,1022.78,591981.0
0.2,0.5,1.5,988354.0,532441.0
0.2,0.5,1.5,997193.0,544662.0
0.2,0.5,1.5,1008.35,563.11
0.2,0.5,1.5,1016.39,577904.0
0.2,0.5,1.5,1022.91,592214.0
0.2,0.5,1.5,1028.73,598086.0
0.2,0.5,1.5,1026.68,601273.0
0.2,0.5,1.5,1007.85,569677.0
0.2,0.5,1.5,979141.0,512436.0
0.2,0.5,1.5,998374.0,544622.0
0.2,0.5,1.5,1012.93,570481.0
0.2,0.5,1.5,1021.35,587074.0
0.2,0.5,1.5,1028.65,599506.0
0.2,0.5,1.5,1030.98,605735.0
0.2,0.5,1.5,999049.0,535839.0
0.2,0.5,1.5,981457.0,509144.0
0.2,0.5,1.5,940995.0,437.25
0.2,0.5,1.5,988306.0,482165.0
0.2,0.5,1.5,992667.0,555909.0
0.2,0.5,1.5,1005.39,578114.0
0.2,0.5,1.5,1011.08,590796.0
0.2,0.5,1.5,1014.15,593496.0
0.2,0.5,1.5,977829.0,511277.0
0.2,0.5,1.5,951005.0,454157.0
0.2,0.5,1.5,956169.0,460135.0
0.2,0.5,1.5,1001.8,535051.0
0.2,0.5,1.5,1024.69,579641.0
0.2,0.5,1.5,1012.16,589296.0
0.2,0.5,1.5,1020.24,618909.0
0.2,0.5,1.5,1025.15,632395.0
0.2,0.5,1.5,1026.88,639316.0
0.2,0.5,1.5,1026.35,642629.0
0.2,0.5,1.5,1026.12,643233.0
0.2,0.5,1.5,1025.11,646616.0
0.2,0.5,1.5,1024.87,653038.0
0.2,0.5,1.5,1023.41,659074.0
0.2,0.5,1.5,1024.19,663401.0
0.2,0.5,1.5,1025.05,664511.0
0.2,0.5,1.5,1023.39,654.01
0.2,0.5,1.5,1022.65,643152.0
0.2,0.5,1.5,1019.22,633767.0
0.2,0.5,1.5,993069.0,567523.0
0.2,0.5,1.5,964287.0,497116.0
0.2,0.5,1.5,969834.0,494985.0
0.2,0.5,1.5,1017.79,576997.0
0.2,0.5,1.5,969694.0,472024.0
0.2,0.5,1.5,1008.34,571705.0
0.2,0.5,1.5,1028.92,617752.0
0.2,0.5,1.5,1034.71,636815.0
0.2,0.5,1.5,1034.37,645401.0
0.2,0.5,1.5,1033.66,651783.0
0.2,0.5,1.5,1034.76,656385.0
0.2,0.5,1.5,1033.92,658408.0
0.2,0.5,1.5,1036.07,667278.0
0.2,0.5,1.5,1036.24,674591.0
0.2,0.5,1.5,1033.22,677286.0
0.2,0.5,1.5,1034.95,683996.0
0.2,0.5,1.5,1036.89,688241.0
0.2,0.5,1.5,1038.34,690938.0
0.2,0.5,1.5,1040.48,692642.0
0.2,0.5,1.5,1043.08,693881.0
0.2,0.5,1.5,1034.35,669023.0
0.2,0.5,1.5,1013.68,610815.0
0.2,0.5,1.5,971382.0,509211.0
0.2,0.5,1.5,989555.0,532898.0
0.2,0.5,1.5,1001.96,546.18
0.2,0.5,1.5,1009.55,561185.0
0.2,0.5,1.5,1041.24,635.04
0.2,0.5,1.5,1052.51,658416.0
0.2,0.5,1.5,1052.51,658416.0
0.2,0.5,1.5,985523.0,545281.0
0.2,0.5,1.5,1001.05,570376.0
0.2,0.5,1.5,1012.4,590695.0
0.2,0.5,1.5,1019.28,604357.0
0.2,0.5,1.5,1023.81,612592.0
0.2,0.5,1.5,1026.14,614677.0
0.2,0.5,1.5,1026.14,614677.0
0.2,0.5,1.5,1016.04,581849.0
0.2,0.5,1.5,1037.5,598295.0
0.2,0.5,1.5,1024.03,585.92
0.2,0.5,1.5,1002.06,547151.0
0.2,0.5,1.5,1018.85,572999.0
0.2,0.5,1.5,1030.3,590499.0
0.2,0.5,1.5,1041.29,609805.0
0.2,0.5,1.5,1053.26,631627.0
0.2,0.5,1.5,1061.14,642173.0
0.2,0.5,1.5,961575.0,460494.0
0.2,0.5,1.5,969267.0,468.98
0.2,0.5,1.5,978064.0,480178.0
0.2,0.5,1.5,992796.0,502185.0
0.2,0.5,1.5,1004.08,518138.0
0.2,0.5,1.5,1024.18,552154.0
0.5,0.8,1.5,53.31,783139.0
0.5,0.8,1.5,955106.0,116341.0
0.5,0.8,1.5,111356.0,976351.0
0.5,0.8,1.5,124039.0,109475.0
0.5,0.8,1.5,168895.0,130834.0
0.5,0.8,1.5,192034.0,164691.0
0.5,0.8,1.5,220776.0,21825.0
0.5,0.8,1.5,232997.0,211743.0
0.5,0.8,1.5,256035.0,239471.0
0.5,0.8,1.5,261378.0,24522.0
0.5,0.8,1.5,282799.0,287886.0
0.5,0.8,1.5,306954.0,33455.0
0.5,0.8,1.5,316296.0,349103.0
0.5,0.8,1.5,319796.0,350477.0
0.5,0.8,1.5,339598.0,404473.0
0.5,0.8,1.5,361123.0,45067.0
0.5,0.8,1.5,366929.0,448463.0
0.5,0.8,1.5,386.87,502304.0
0.5,0.8,1.5,394656.0,524261.0
0.5,0.8,1.5,398629.0,517936.0
0.5,0.8,1.5,413889.0,546256.0
0.5,0.8,1.5,434466.0,606131.0
0.5,0.8,1.5,441.78,622509.0
0.5,0.8,1.5,458988.0,683368.0
0.5,0.8,1.5,465313.0,718206.0
0.5,0.8,1.5,469003.0,737212.0
0.5,0.8,1.5,483386.0,817835.0
0.5,0.8,1.5,485134.0,816235.0
0.5,0.8,1.5,500838.0,877548.0
0.5,0.8,1.5,506.69,904248.0
0.5,0.8,1.5,507877.0,909761.0
0.5,0.8,1.5,521156.0,100124.0
0.5,0.8,1.5,524416.0,983355.0
0.5,0.8,1.5,524761.0,901501.0
0.5,0.8,1.5,527962.0,880444.0
0.5,0.8,1.5,533126.0,879539.0
0.5,0.8,1.5,550645.0,104292.0
0.5,0.8,1.5,558024.0,109409.0
0.5,0.8,1.5,562603.0,113539.0
0.5,0.8,1.5,564.46,115.18
0.5,0.8,1.5,573274.0,118235.0
0.5,0.8,1.5,573586.0,109243.0
0.5,0.8,1.5,575094.0,105708.0
0.5,0.8,1.5,581.48,108755.0
0.5,0.8,1.5,592529.0,118468.0
0.5,0.8,1.5,606426.0,129.59
0.5,0.8,1.5,611865.0,134848.0
0.5,0.8,1.5,615495.0,139061.0
0.5,0.8,1.5,618.1,140716.0
0.5,0.8,1.5,627346.0,145528.0
0.5,0.8,1.5,620773.0,121217.0
0.5,0.8,1.5,625952.0,128128.0
0.5,0.8,1.5,631499.0,130229.0
0.5,0.8,1.5,644753.0,143302.0
0.5,0.8,1.5,647079.0,146197.0
0.5,0.8,1.5,659451.0,157373.0
0.5,0.8,1.5,664207.0,163069.0
0.5,0.8,1.5,667061.0,164702.0
0.5,0.8,1.5,667127.0,159377.0
0.5,0.8,1.5,663903.0,146035.0
0.5,0.8,1.5,670286.0,148058.0
0.5,0.8,1.5,675.99,156232.0
0.5,0.8,1.5,679319.0,159266.0
0.5,0.8,1.5,694143.0,170361.0
0.5,0.8,1.5,699.44,175669.0
0.5,0.8,1.5,699156.0,176996.0
0.5,0.8,1.5,709786.0,186703.0
0.5,0.8,1.5,712538.0,186383.0
0.5,0.8,1.5,711.77,177342.0
0.5,0.8,1.5,708853.0,168897.0
0.5,0.8,1.5,704135.0,156101.0
0.5,0.8,1.5,707695.0,159393.0
0.5,0.8,1.5,714.27,162262.0
0.5,0.8,1.5,719.27,174832.0
0.5,0.8,1.5,720546.0,175826.0
0.5,0.8,1.5,738484.0,189936.0
0.5,0.8,1.5,744.6,196818.0
0.5,0.8,1.5,748.5,202877.0
0.5,0.8,1.5,750422.0,204568.0
0.5,0.8,1.5,754325.0,202994.0
0.5,0.8,1.5,751147.0,190563.0
0.5,0.8,1.5,745377.0,176108.0
0.5,0.8,1.5,743715.0,170622.0
0.5,0.8,1.5,746452.0,173473.0
0.5,0.8,1.5,752352.0,181524.0
0.5,0.8,1.5,758368.0,190459.0
0.5,0.8,1.5,771736.0,202182.0
0.5,0.8,1.5,785.6,216111.0
0.5,0.8,1.5,791654.0,224392.0
0.5,0.8,1.5,794.79,227459.0
0.5,0.8,1.5,791352.0,214.02
0.5,0.8,1.5,785979.0,201108.0
0.5,0.8,1.5,780971.0,189902.0
0.5,0.8,1.5,779678.0,186.44
0.5,0.8,1.5,781878.0,188522.0
0.5,0.8,1.5,786727.0,193424.0
0.5,0.8,1.5,790664.0,197006.0
0.5,0.8,1.5,793446.0,198405.0
0.5,0.8,1.5,813931.0,217643.0
0.5,0.8,1.5,821786.0,229113.0
0.5,0.8,1.5,821541.0,223228.0
0.5,0.8,1.5,812178.0,202365.0
0.5,0.8,1.5,817128.0,204107.0
0.5,0.8,1.5,820645.0,210822.0
0.5,0.8,1.5,823644.0,212857.0
0.5,0.8,1.5,825908.0,214916.0
0.5,0.8,1.5,827742.0,216424.0
0.5,0.8,1.5,829792.0,218856.0
0.5,0.8,1.5,830986.0,219497.0
0.5,0.8,1.5,831784.0,219639.0
0.5,0.8,1.5,833761.0,219.67
0.5,0.8,1.5,842601.0,224974.0
0.5,0.8,1.5,857529.0,242405.0
0.5,0.8,1.5,865831.0,254057.0
0.5,0.8,1.5,863.01,243776.0
0.5,0.8,1.5,852577.0,223787.0
0.5,0.8,1.5,851134.0,220.05
0.5,0.8,1.5,857868.0,230376.0
0.5,0.8,1.5,863065.0,238237.0
0.5,0.8,1.5,868241.0,246567.0
0.5,0.8,1.5,869905.0,248835.0
0.5,0.8,1.5,878174.0,260262.0
0.5,0.8,1.5,883528.0,266836.0
0.5,0.8,1.5,886.99,271879.0
0.5,0.8,1.5,889933.0,276.13
0.5,0.8,1.5,892.55,280292.0
0.5,0.8,1.5,894399.0,282487.0
0.5,0.8,1.5,901266.0,286771.0
0.5,0.8,1.5,915081.0,298611.0
0.5,0.8,1.5,921707.0,307241.0
0.5,0.8,1.5,921707.0,307241.0
0.5,0.8,1.5,872463.0,228749.0
0.5,0.8,1.5,883262.0,239981.0
0.5,0.8,1.5,893023.0,252747.0
0.5,0.8,1.5,900462.0,263488.0
0.5,0.8,1.5,905515.0,271089.0
0.5,0.8,1.5,909.11,276577.0
0.5,0.8,1.5,911835.0,280811.0
0.5,0.8,1.5,908206.0,272.93
0.5,0.8,1.5,917341.0,273131.0
0.5,0.8,1.5,925054.0,284571.0
0.5,0.8,1.5,905304.0,250261.0
0.5,0.8,1.5,914894.0,261065.0
0.5,0.8,1.5,922927.0,262.06
0.5,0.8,1.5,924847.0,275144.0
0.5,0.8,1.5,932852.0,287147.0
0.5,0.8,1.5,938217.0,295593.0
0.5,0.8,1.5,941609.0,301143.0
0.5,0.8,1.5,941609.0,301143.0
0.5,0.8,1.5,945997.0,305.4
0.5,0.8,1.5,950157.0,312679.0
0.5,0.8,1.5,953738.0,316713.0
0.5,0.8,1.5,952.13,311471.0
0.5,0.8,1.5,953338.0,312789.0
0.5,0.8,1.5,956872.0,318828.0
0.5,0.8,1.5,957577.0,318746.0
0.5,0.8,1.5,960023.0,322901.0
0.5,0.8,1.5,961148.0,324.23
0.5,0.8,1.5,962626.0,326003.0
0.5,0.8,1.5,963431.0,326758.0
0.5,0.8,1.5,967185.0,327456.0
0.5,0.8,1.5,981269.0,339497.0
0.5,0.8,1.5,939092.0,270937.0
0.5,0.8,1.5,954851.0,288978.0
0.5,0.8,1.5,968909.0,308376.0
0.5,0.8,1.5,976995.0,321764.0
0.5,0.8,1.5,980636.0,328162.0
0.5,0.8,1.5,984643.0,335652.0
0.5,0.8,1.5,986757.0,339103.0
0.5,0.8,1.5,989685.0,344.07
0.5,0.8,1.5,991541.0,347316.0
0.5,0.8,1.5,993807.0,351286.0
0.5,0.8,1.5,995681.0,354409.0
0.5,0.8,1.5,997313.0,357137.0
0.5,0.8,1.5,999.89,361635.0
0.5,0.8,1.5,1000.87,363257.0
0.5,0.8,1.5,1002.33,365761.0
0.5,0.8,1.5,1003.95,368474.0
0.5,0.8,1.5,1005.82,371.93
0.5,0.8,1.5,1008.05,373361.0
0.5,0.8,1.5,1021.59,379939.0
0.5,0.8,1.5,980323.0,309627.0
0.5,0.8,1.5,968289.0,291521.0
0.5,0.8,1.5,978845.0,304528.0
0.5,0.8,1.5,983101.0,309323.0
0.5,0.8,1.5,990942.0,318749.0
0.5,0.8,1.5,997115.0,326888.0
0.5,0.8,1.5,1000.67,331691.0
0.5,0.8,1.5,1005.56,339156.0
0.5,0.8,1.5,1009.54,345696.0
0.5,0.8,1.5,1012.35,350.42
0.5,0.8,1.5,1014.84,354657.0
0.5,0.8,1.5,1016.55,357772.0
0.5,0.8,1.5,1018.93,361415.0
0.5,0.8,1.5,1020.54,364262.0
0.5,0.8,1.5,1022.12,366442.0
0.5,0.8,1.5,1023.02,368154.0
0.5,0.8,1.5,1024.45,370054.0
0.5,0.8,1.5,1025.48,371579.0
0.5,0.8,1.5,1027.69,372714.0
0.5,0.8,1.5,1046.3,387925.0
0.5,0.8,1.5,1007.61,324948.0
0.5,0.8,1.5,1027.74,351416.0
0.5,0.8,1.5,1040.38,368355.0
0.5,0.8,1.5,1046.97,379454.0
0.5,0.8,1.5,1052.21,389.26
0.5,0.8,1.5,1056.08,396508.0
0.5,0.8,1.5,1059.58,402.93
0.5,0.8,1.5,1061.7,407629.0
0.5,0.8,1.5,1064.03,412028.0
0.5,0.8,1.5,1065.49,414829.0
0.5,0.8,1.5,1067.7,418379.0
0.5,0.8,1.5,1067.7,418379.0
0.5,0.8,1.5,998205.0,313321.0
0.5,0.8,1.5,998205.0,313321.0
0.5,0.8,1.5,1008.94,327516.0
0.5,0.8,1.5,1023.28,345247.0
0.5,0.8,1.5,1028.7,351742.0
0.5,0.8,1.5,1034.19,358889.0
0.5,0.8,1.5,1039.8,366689.0
0.5,0.8,1.5,1043.75,372759.0
0.5,0.8,1.5,1046.48,376832.0
0.5,0.8,1.5,1050.14,381491.0
0.5,0.8,1.5,1052.73,385971.0
0.5,0.8,1.5,1056.96,374932.0
0.5,0.8,1.5,1054.58,371274.0
0.5,0.8,1.5,1064.49,384247.0
0.5,0.8,1.5,1071.78,395793.0
0.5,0.8,1.5,1077.05,404849.0
0.5,0.8,1.5,1082.78,414641.0
0.5,0.8,1.5,1082.78,414641.0
0.5,0.8,1.5,1074.15,405515.0
0.5,0.8,1.5,1080.47,413425.0
0.5,0.8,1.5,1080.47,413425.0
0.5,0.8,1.5,1073.57,403018.0
0.5,0.8,1.5,1079.25,410273.0
0.5,0.8,1.5,1081.77,416398.0
0.5,0.8,1.5,1084.74,419975.0
0.5,0.8,1.5,1086.99,423847.0
0.5,0.8,1.5,1089.05,427597.0
0.5,0.8,1.5,1091.09,430581.0
0.5,0.8,1.5,1093.06,434288.0
0.5,0.8,1.5,1094.24,436037.0
0.5,0.8,1.5,1095.55,437911.0
0.5,0.8,1.5,1097.02,440.53
0.5,0.8,1.5,1098.12,443046.0
0.5,0.8,1.5,1099.35,443972.0
0.5,0.8,1.5,1100.12,446795.0
0.5,0.8,1.5,1101.42,447441.0
0.5,0.8,1.5,1103.56,450.97
0.5,0.8,1.5,1105.77,452583.0
0.5,0.8,1.5,1097.15,422868.0
0.5,0.8,1.5,1072.67,384.0
0.5,0.8,1.5,1085.89,400544.0
0.5,0.8,1.5,1087.57,402288.0
0.5,0.8,1.5,1097.34,416514.0
0.5,0.8,1.5,1105.45,426.78
0.5,0.8,1.5,1105.45,426.78
0.5,0.8,1.5,1106.42,435186.0
0.5,0.8,1.5,1113.3,444469.0
0.5,0.8,1.5,1117.31,450943.0
0.5,0.8,1.5,1120.13,455.67
0.5,0.8,1.5,1123.61,461.67
0.5,0.8,1.5,1125.69,465319.0
0.5,0.8,1.5,1128.2,470509.0
0.5,0.8,1.5,1129.71,473008.0
0.5,0.8,1.5,1131.91,477373.0
0.5,0.8,1.5,1131.91,477373.0
0.5,0.8,1.5,1128.93,475811.0
0.5,0.8,1.5,1132.83,480109.0
0.5,0.8,1.5,1132.83,480109.0
0.5,0.8,1.5,1139.15,488246.0
0.5,0.8,1.5,1143.55,492987.0
0.5,0.8,1.5,1146.65,499222.0
0.5,0.8,1.5,1146.45,498.23
0.5,0.8,1.5,1148.33,499715.0
0.5,0.8,1.5,1163.05,507018.0
0.5,0.8,1.5,1142.9,472368.0
0.5,0.8,1.5,1132.51,455735.0
0.5,0.8,1.5,1131.23,454047.0
0.5,0.8,1.5,1128.5,450097.0
0.5,0.8,1.5,1125.93,446405.0
0.5,0.8,1.5,1123.7,442449.0
0.5,0.8,1.5,1120.51,437691.0
0.5,0.8,1.5,1117.17,432145.0
0.5,0.8,1.5,1114.41,427509.0
0.5,0.8,1.5,1116.75,429378.0
0.5,0.8,1.5,1121.27,434.3
0.5,0.8,1.5,1125.6,438994.0
0.5,0.8,1.5,1128.97,442917.0
0.5,0.8,1.5,1131.74,446268.0
0.5,0.8,1.5,1135.44,451114.0
0.5,0.8,1.5,1138.19,454788.0
0.5,0.8,1.5,1141.0,459046.0
0.5,0.8,1.5,1144.23,463823.0
0.5,0.8,1.5,1142.95,463037.0
0.5,0.8,1.5,1142.95,463037.0
0.5,0.8,1.5,1174.65,511596.0
0.5,0.8,1.5,1184.42,527489.0
0.5,0.8,1.5,1189.45,535291.0
0.5,0.8,1.5,1191.15,538363.0
0.5,0.8,1.5,1202.36,546137.0
0.5,0.8,1.5,1190.01,523556.0
0.5,0.8,1.5,1187.52,519273.0
0.5,0.8,1.5,1185.95,516969.0
0.5,0.8,1.5,1185.95,516969.0
0.5,0.8,1.5,1154.36,473245.0
0.5,0.8,1.5,1150.3,466329.0
0.5,0.8,1.5,1146.94,460794.0
0.5,0.8,1.5,1149.95,464078.0
0.5,0.8,1.5,1158.9,476494.0
0.5,0.8,1.5,1167.45,487507.0
0.5,0.8,1.5,1174.09,496488.0
0.5,0.8,1.5,1179.15,503813.0
0.5,0.8,1.5,1183.67,510082.0
0.5,0.8,1.5,1187.69,516167.0
0.5,0.8,1.5,1191.19,521097.0
0.5,0.8,1.5,1191.54,521016.0
0.5,0.8,1.5,1194.82,526405.0
0.5,0.8,1.5,1195.76,526949.0
0.5,0.8,1.5,1195.76,526949.0
0.5,0.8,1.5,1198.14,527657.0
0.5,0.8,1.5,1209.83,541741.0
0.5,0.8,1.5,1215.17,551504.0
0.5,0.8,1.5,1220.0,559533.0
0.5,0.8,1.5,1224.69,566896.0
0.5,0.8,1.5,1229.25,570649.0
0.5,0.8,1.5,1247.75,589608.0
0.5,0.8,1.5,1248.2,594343.0
0.5,0.8,1.5,1247.1,593.59
0.5,0.8,1.5,1246.91,593452.0
0.5,0.8,1.5,1246.71,593472.0
0.5,0.8,1.5,1245.83,592344.0
0.5,0.8,1.5,1246.07,592792.0
0.5,0.8,1.5,1242.98,588993.0
0.5,0.8,1.5,1243.15,588808.0
0.5,0.8,1.5,1241.62,586021.0
0.5,0.8,1.5,1239.1,581752.0
0.5,0.8,1.5,1236.68,577846.0
0.5,0.8,1.5,1233.51,572866.0
0.5,0.8,1.5,1230.64,567316.0
0.5,0.8,1.5,1224.6,558261.0
0.5,0.8,1.5,1220.68,551896.0
0.5,0.8,1.5,1215.77,544358.0
0.5,0.8,1.5,1212.81,539435.0
0.5,0.8,1.5,1213.65,538959.0
0.5,0.8,1.5,1222.65,551196.0
0.5,0.8,1.5,1230.11,561378.0
0.5,0.8,1.5,1236.41,570195.0
0.5,0.8,1.5,1242.0,577746.0
0.5,0.8,1.5,1246.42,583.85
0.5,0.8,1.5,1250.35,588505.0
0.5,0.8,1.5,1266.72,604052.0
0.5,0.8,1.5,1274.34,612194.0
0.5,0.8,1.5,1274.15,617567.0
0.5,0.8,1.5,1273.38,619773.0
0.5,0.8,1.5,1274.19,617244.0
0.5,0.8,1.5,1278.27,622927.0
0.5,0.8,1.5,1275.91,625921.0
0.5,0.8,1.5,1276.66,628465.0
0.5,0.8,1.5,1276.66,628465.0
0.5,0.8,1.5,1277.07,617211.0
0.5,0.8,1.5,1299.69,662.61
0.5,0.8,1.5,1305.62,675208.0
0.5,0.8,1.5,1308.35,680889.0
0.5,0.8,1.5,1309.22,684421.0
0.5,0.8,1.5,1310.77,687165.0
0.5,0.8,1.5,1310.62,688202.0
0.5,0.8,1.5,1310.62,688202.0
0.5,0.8,1.5,1320.58,695855.0
0.5,0.8,1.5,1322.86,703479.0
0.5,0.8,1.5,1322.94,708507.0
0.5,0.8,1.5,1323.52,705864.0
0.5,0.8,1.5,1324.37,702677.0
0.5,0.8,1.5,1325.64,703626.0
0.5,0.8,1.5,1320.86,696061.0
0.5,0.8,1.5,1314.81,685859.0
0.5,0.8,1.5,1301.28,661737.0
0.5,0.8,1.5,1300.52,660137.0
0.5,0.8,1.5,1300.07,660498.0
0.5,0.8,1.5,1298.83,658107.0
0.5,0.8,1.5,1297.19,654944.0
0.5,0.8,1.5,1295.16,650517.0
0.5,0.8,1.5,1294.06,647.99
0.5,0.8,1.5,1289.37,639671.0
0.5,0.8,1.5,1287.4,634884.0
0.5,0.8,1.5,1284.19,628824.0
0.5,0.8,1.5,1287.26,631385.0
0.5,0.8,1.5,1290.77,635636.0
0.5,0.8,1.5,1294.36,639977.0
0.5,0.8,1.5,1298.47,644795.0
0.5,0.8,1.5,1302.12,649653.0
0.5,0.8,1.5,1305.89,654341.0
0.5,0.8,1.5,1309.43,659436.0
0.5,0.8,1.5,1309.7,659099.0
0.5,0.8,1.5,1308.99,657683.0
0.5,0.8,1.5,1304.13,648862.0
0.5,0.8,1.5,1305.43,650243.0
0.5,0.8,1.5,1305.9,650371.0
0.5,0.8,1.5,1308.78,654676.0
0.5,0.8,1.5,1308.78,654676.0
0.5,0.8,1.5,1328.04,698243.0
0.5,0.8,1.5,1334.38,703028.0
0.5,0.8,1.5,1341.35,710023.0
0.5,0.8,1.5,1344.86,714669.0
0.5,0.8,1.5,1348.6,716851.0
0.5,0.8,1.5,1351.36,718.57
0.5,0.8,1.5,1353.41,720712.0
0.5,0.8,1.5,1359.02,722633.0
0.5,0.8,1.5,1375.73,734194.0
0.5,0.8,1.5,1375.73,734194.0
0.5,0.8,1.5,1382.93,744172.0
0.5,0.8,1.5,1386.29,748604.0
0.5,0.8,1.5,1388.59,750644.0
0.5,0.8,1.5,1390.16,749.55
0.5,0.8,1.5,1390.5,750068.0
0.5,0.8,1.5,1394.05,752023.0
0.5,0.8,1.5,1395.03,753896.0
0.5,0.8,1.5,1398.28,755594.0
0.5,0.8,1.5,1400.09,756582.0
0.5,0.8,1.5,1400.46,758091.0
0.5,0.8,1.5,1401.88,759132.0
0.5,0.8,1.5,1404.03,761109.0
0.5,0.8,1.5,1405.56,762738.0
0.5,0.8,1.5,1407.01,763756.0
0.5,0.8,1.5,1407.59,764427.0
0.5,0.8,1.5,1407.59,764427.0
0.5,0.8,1.5,1379.32,745.67
0.5,0.8,1.5,1382.2,758015.0
0.5,0.8,1.5,1397.54,778538.0
0.5,0.8,1.5,1397.54,778538.0
0.5,0.8,1.5,1352.52,715117.0
0.5,0.8,1.5,1352.85,718829.0
0.5,0.8,1.5,1365.27,735091.0
0.5,0.8,1.5,1371.55,744248.0
0.5,0.8,1.5,1371.62,745054.0
0.5,0.8,1.5,1371.69,744959.0
0.5,0.8,1.5,1371.11,743276.0
0.5,0.8,1.5,1373.94,746246.0
0.5,0.8,1.5,1378.73,756601.0
0.5,0.8,1.5,1396.46,771726.0
0.5,0.8,1.5,1385.31,756147.0
0.5,0.8,1.5,1388.66,760104.0
0.5,0.8,1.5,1389.55,759843.0
0.5,0.8,1.5,1381.88,750456.0
0.5,0.8,1.5,1388.97,756178.0
0.5,0.8,1.5,1394.9,757.98
0.5,0.8,1.5,1402.95,761335.0
0.5,0.8,1.5,1410.55,763574.0
0.5,0.8,1.5,1410.55,763574.0
0.5,0.8,1.5,1421.76,777126.0
0.5,0.8,1.5,1430.99,777.94
0.5,0.8,1.5,1438.3,773111.0
0.5,0.8,1.5,1442.83,766903.0
0.5,0.8,1.5,1442.83,766903.0
0.5,0.8,1.5,1442.25,769.41
0.5,0.8,1.5,1434.63,775.49
0.5,0.8,1.5,1439.4,763074.0
0.5,0.8,1.5,1442.28,765584.0
0.5,0.8,1.5,1442.28,765584.0
0.5,0.8,1.5,1442.48,763731.0
0.5,0.8,1.5,1430.91,771444.0
0.5,0.8,1.5,1436.0,764471.0
0.5,0.8,1.5,1440.54,762066.0
0.5,0.8,1.5,1443.52,758308.0
0.5,0.8,1.5,1443.52,758308.0
0.5,0.8,1.5,1443.59,761566.0
0.5,0.8,1.5,1443.59,761566.0
0.5,0.8,1.5,1443.91,759836.0
0.5,0.8,1.5,1428.04,763371.0
0.5,0.8,1.5,1433.1,763163.0
0.5,0.8,1.5,1435.19,769147.0
0.5,0.8,1.5,1439.66,764085.0
0.5,0.8,1.5,1443.49,763049.0
0.5,0.8,1.5,1446.11,759778.0
0.5,0.8,1.5,1443.96,753833.0
0.5,0.8,1.5,1444.3,754842.0
0.5,0.8,1.5,1445.13,754708.0
0.5,0.8,1.5,1445.13,754708.0
0.5,0.8,1.5,1441.92,757921.0
0.5,0.8,1.5,1441.92,757921.0
0.5,0.8,1.5,1440.5,758287.0
0.5,0.8,1.5,1437.95,753915.0
0.5,0.8,1.5,1373.26,695.57
0.5,0.8,1.5,1430.96,746635.0
0.5,0.8,1.5,1441.6,745027.0
0.5,0.8,1.5,1445.75,741471.0
0.5,0.8,1.5,1445.75,741471.0
0.5,0.8,1.5,1444.04,745544.0
0.5,0.8,1.5,1444.04,745544.0
0.5,0.8,1.5,1443.52,744039.0
0.5,0.8,1.5,1437.86,739715.0
0.5,0.8,1.5,1427.17,745.11
0.5,0.8,1.5,1427.17,745.11
0.5,0.8,1.5,1465.3,741995.0
0.5,0.8,1.5,1370.01,674556.0
0.5,0.8,1.5,1399.58,705743.0
0.5,0.8,1.5,1432.91,734968.0
0.5,0.8,1.5,1441.8,736808.0
0.5,0.8,1.5,1446.46,735435.0
0.5,0.8,1.5,1448.94,729662.0
0.5,0.8,1.5,1449.14,726592.0
0.5,0.8,1.5,1448.08,725719.0
0.5,0.8,1.5,1440.04,742639.0
0.5,0.8,1.5,1440.04,742639.0
0.5,0.8,1.5,1439.76,733051.0
0.5,0.8,1.5,1443.02,725846.0
0.5,0.8,1.5,1444.32,718742.0
0.5,0.8,1.5,1444.32,718742.0
0.5,0.8,1.5,1442.79,723544.0
0.5,0.8,1.5,1442.79,723544.0
0.5,0.8,1.5,1441.84,724238.0
0.5,0.8,1.5,1439.42,728.78
0.5,0.8,1.5,1439.42,728.78
0.5,0.8,1.5,1441.82,723868.0
0.5,0.8,1.5,1440.25,724721.0
0.5,0.8,1.5,1440.25,724721.0
0.5,0.8,1.5,1441.38,723752.0
0.5,0.8,1.5,1441.38,723752.0
0.5,0.8,1.5,1440.93,723.79
0.5,0.8,1.5,1440.93,723.79
0.5,0.8,1.5,1437.37,730882.0
0.5,0.8,1.5,1440.96,724026.0
0.5,0.8,1.5,1444.97,717782.0
0.5,0.8,1.5,1446.75,710699.0
0.5,0.8,1.5,1446.75,710699.0
0.5,0.8,1.5,1444.9,713983.0
0.5,0.8,1.5,1446.04,709029.0
0.5,0.8,1.5,1444.5,715467.0
0.5,0.8,1.5,1444.5,715467.0
0.5,0.8,1.5,1441.84,718738.0
0.5,0.8,1.5,1441.84,718738.0
0.2,0.3,0.5,430105.0,594045.0
0.2,0.3,0.5,783354.0,990151.0
0.2,0.3,0.5,885561.0,125066.0
0.2,0.3,0.5,123568.0,173441.0
0.2,0.3,0.5,138646.0,209401.0
0.2,0.3,0.5,144617.0,204218.0
0.2,0.3,0.5,146655.0,201233.0
0.2,0.3,0.5,158184.0,237868.0
0.2,0.3,0.5,172113.0,279646.0
0.2,0.3,0.5,178.21,302553.0
0.2,0.3,0.5,181099.0,314613.0
0.2,0.3,0.5,182244.0,307679.0
0.2,0.3,0.5,190817.0,357533.0
0.2,0.3,0.5,192716.0,336393.0
0.2,0.3,0.5,194.65,328619.0
0.2,0.3,0.5,206899.0,394918.0
0.2,0.3,0.5,216388.0,458233.0
0.2,0.3,0.5,219941.0,489717.0
0.2,0.3,0.5,220748.0,451202.0
0.2,0.3,0.5,221369.0,428378.0
0.2,0.3,0.5,223852.0,422999.0
0.2,0.3,0.5,227409.0,444065.0
0.2,0.3,0.5,230183.0,457958.0
0.2,0.3,0.5,232242.0,459113.0
0.2,0.3,0.5,242812.0,530264.0
0.2,0.3,0.5,246438.0,567539.0
0.2,0.3,0.5,247392.0,581867.0
0.2,0.3,0.5,251691.0,585674.0
0.2,0.3,0.5,252786.0,538792.0
0.2,0.3,0.5,254756.0,551722.0
0.2,0.3,0.5,256257.0,563132.0
0.2,0.3,0.5,257593.0,576833.0
0.2,0.3,0.5,259168.0,590339.0
0.2,0.3,0.5,265009.0,644619.0
0.2,0.3,0.5,268086.0,665389.0
0.2,0.3,0.5,278445.0,728189.0
0.2,0.3,0.5,281983.0,761892.0
0.2,0.3,0.5,283753.0,788647.0
0.2,0.3,0.5,277.18,621837.0
0.2,0.3,0.5,281.77,645575.0
0.2,0.3,0.5,285975.0,703138.0
0.2,0.3,0.5,290074.0,745227.0
0.2,0.3,0.5,292134.0,771459.0
0.2,0.3,0.5,293413.0,788202.0
0.2,0.3,0.5,295234.0,810877.0
0.2,0.3,0.5,296277.0,823482.0
0.2,0.3,0.5,297499.0,827851.0
0.2,0.3,0.5,299174.0,848134.0
0.2,0.3,0.5,312284.0,94272.0
0.2,0.3,0.5,316222.0,981009.0
0.2,0.3,0.5,318265.0,100625.0
0.2,0.3,0.5,316884.0,939202.0
0.2,0.3,0.5,312442.0,824188.0
0.2,0.3,0.5,315116.0,854762.0
0.2,0.3,0.5,316725.0,875053.0
0.2,0.3,0.5,318777.0,892899.0
0.2,0.3,0.5,322144.0,937449.0
0.2,0.3,0.5,325181.0,972079.0
0.2,0.3,0.5,327258.0,998309.0
0.2,0.3,0.5,328738.0,101.93
0.2,0.3,0.5,329988.0,103584.0
0.2,0.3,0.5,330926.0,104432.0
0.2,0.3,0.5,342079.0,111159.0
0.2,0.3,0.5,341476.0,111386.0
0.2,0.3,0.5,348281.0,118676.0
0.2,0.3,0.5,350597.0,121429.0
0.2,0.3,0.5,350869.0,118.25
0.2,0.3,0.5,350869.0,118.25
0.2,0.3,0.5,339876.0,967017.0
0.2,0.3,0.5,344586.0,100859.0
0.2,0.3,0.5,347802.0,104901.0
0.2,0.3,0.5,351142.0,109566.0
0.2,0.3,0.5,355118.0,114959.0
0.2,0.3,0.5,357768.0,118635.0
0.2,0.3,0.5,359338.0,120849.0
0.2,0.3,0.5,360853.0,123008.0
0.2,0.3,0.5,362063.0,124724.0
0.2,0.3,0.5,363006.0,126092.0
0.2,0.3,0.5,364096.0,127953.0
0.2,0.3,0.5,365088.0,129523.0
0.2,0.3,0.5,366125.0,130.91
0.2,0.3,0.5,367091.0,132634.0
0.2,0.3,0.5,368004.0,133708.0
0.2,0.3,0.5,369.03,135291.0
0.2,0.3,0.5,369928.0,135752.0
0.2,0.3,0.5,381502.0,142798.0
0.2,0.3,0.5,379008.0,133837.0
0.2,0.3,0.5,368379.0,116875.0
0.2,0.3,0.5,371755.0,119434.0
0.2,0.3,0.5,376.52,125.61
0.2,0.3,0.5,377972.0,127013.0
0.2,0.3,0.5,379429.0,129115.0
0.2,0.3,0.5,380484.0,130384.0
0.2,0.3,0.5,381818.0,132079.0
0.2,0.3,0.5,383128.0,133631.0
0.2,0.3,0.5,384314.0,135187.0
0.2,0.3,0.5,385.17,136261.0
0.2,0.3,0.5,385942.0,137144.0
0.2,0.3,0.5,386642.0,138.31
0.2,0.3,0.5,387251.0,139003.0
0.2,0.3,0.5,388.19,140032.0
0.2,0.3,0.5,388737.0,140909.0
0.2,0.3,0.5,388997.0,141332.0
0.2,0.3,0.5,390231.0,142557.0
0.2,0.3,0.5,390537.0,143104.0
0.2,0.3,0.5,391336.0,143834.0
0.2,0.3,0.5,403476.0,151469.0
0.2,0.3,0.5,400811.0,144535.0
0.2,0.3,0.5,391315.0,129709.0
0.2,0.3,0.5,395862.0,134826.0
0.2,0.3,0.5,398242.0,138062.0
0.2,0.3,0.5,399701.0,140472.0
0.2,0.3,0.5,401526.0,142964.0
0.2,0.3,0.5,402709.0,144935.0
0.2,0.3,0.5,404119.0,146854.0
0.2,0.3,0.5,405496.0,149057.0
0.2,0.3,0.5,406718.0,150749.0
0.2,0.3,0.5,408685.0,153945.0
0.2,0.3,0.5,408889.0,153686.0
0.2,0.3,0.5,410645.0,156624.0
0.2,0.3,0.5,410615.0,156282.0
0.2,0.3,0.5,412059.0,158694.0
0.2,0.3,0.5,412253.0,158536.0
0.2,0.3,0.5,413557.0,160882.0
0.2,0.3,0.5,414374.0,161812.0
0.2,0.3,0.5,414918.0,162829.0
0.2,0.3,0.5,415973.0,164996.0
0.2,0.3,0.5,416364.0,164938.0
0.2,0.3,0.5,417656.0,167071.0
0.2,0.3,0.5,417568.0,166824.0
0.2,0.3,0.5,418569.0,168.52
0.2,0.3,0.5,418489.0,168103.0
0.2,0.3,0.5,420023.0,168896.0
0.2,0.3,0.5,418132.0,150244.0
0.2,0.3,0.5,422747.0,155775.0
0.2,0.3,0.5,424691.0,159112.0
0.2,0.3,0.5,426511.0,161626.0
0.2,0.3,0.5,428509.0,164357.0
0.2,0.3,0.5,429945.0,166377.0
0.2,0.3,0.5,431223.0,167951.0
0.2,0.3,0.5,432506.0,169799.0
0.2,0.3,0.5,433812.0,171995.0
0.2,0.3,0.5,435194.0,174275.0
0.2,0.3,0.5,436.49,176591.0
0.2,0.3,0.5,437.81,179207.0
0.2,0.3,0.5,439182.0,181655.0
0.2,0.3,0.5,440506.0,184088.0
0.2,0.3,0.5,441517.0,186468.0
0.2,0.3,0.5,442931.0,189554.0
0.2,0.3,0.5,443679.0,191.29
0.2,0.3,0.5,445245.0,193488.0
0.2,0.3,0.5,445925.0,195263.0
0.2,0.3,0.5,446908.0,196993.0
0.2,0.3,0.5,447784.0,198722.0
0.2,0.3,0.5,448069.0,199945.0
0.2,0.3,0.5,449118.0,201289.0
0.2,0.3,0.5,449925.0,202492.0
0.2,0.3,0.5,450485.0,203748.0
0.2,0.3,0.5,450697.0,204826.0
0.2,0.3,0.5,451327.0,205733.0
0.2,0.3,0.5,452078.0,206735.0
0.2,0.3,0.5,452385.0,207413.0
0.2,0.3,0.5,452903.0,208154.0
0.2,0.3,0.5,453456.0,209197.0
0.2,0.3,0.5,455101.0,190063.0
0.2,0.3,0.5,456931.0,194591.0
0.2,0.3,0.5,458279.0,197191.0
0.2,0.3,0.5,460213.0,199866.0
0.2,0.3,0.5,461632.0,202418.0
0.2,0.3,0.5,461632.0,202418.0
0.2,0.3,0.5,461.66,203075.0
0.2,0.3,0.5,466572.0,210259.0
0.2,0.3,0.5,469678.0,215628.0
0.2,0.3,0.5,472232.0,219588.0
0.2,0.3,0.5,475.17,223321.0
0.2,0.3,0.5,479206.0,227627.0
0.2,0.3,0.5,481.2,234253.0
0.2,0.3,0.5,481971.0,237598.0
0.2,0.3,0.5,488753.0,242278.0
0.2,0.3,0.5,483926.0,230775.0
0.2,0.3,0.5,483704.0,229927.0
0.2,0.3,0.5,486075.0,233832.0
0.2,0.3,0.5,487533.0,236663.0
0.2,0.3,0.5,489001.0,239832.0
0.2,0.3,0.5,490.04,241727.0
0.2,0.3,0.5,491036.0,243828.0
0.2,0.3,0.5,492024.0,245.6
0.2,0.3,0.5,492813.0,247292.0
0.2,0.3,0.5,493718.0,248663.0
0.2,0.3,0.5,494524.0,250026.0
0.2,0.3,0.5,495182.0,250938.0
0.2,0.3,0.5,495731.0,251997.0
0.2,0.3,0.5,496105.0,252697.0
0.2,0.3,0.5,497086.0,253658.0
0.2,0.3,0.5,497488.0,254774.0
0.2,0.3,0.5,498026.0,255347.0
0.2,0.3,0.5,498598.0,255913.0
0.2,0.3,0.5,499012.0,256414.0
0.2,0.3,0.5,499315.0,256662.0
0.2,0.3,0.5,499.81,257355.0
0.2,0.3,0.5,500057.0,257586.0
0.2,0.3,0.5,500471.0,258009.0
0.2,0.3,0.5,500884.0,258448.0
0.2,0.3,0.5,501132.0,258.74
0.2,0.3,0.5,501633.0,258885.0
0.2,0.3,0.5,501981.0,259345.0
0.2,0.3,0.5,502342.0,259771.0
0.2,0.3,0.5,503003.0,260.41
0.2,0.3,0.5,503363.0,261.09
0.2,0.3,0.5,503907.0,261647.0
0.2,0.3,0.5,504505.0,262.42
0.2,0.3,0.5,504924.0,262.95
0.2,0.3,0.5,505231.0,263192.0
0.2,0.3,0.5,505913.0,263896.0
0.2,0.3,0.5,506657.0,264144.0
0.2,0.3,0.5,509405.0,268888.0
0.2,0.3,0.5,509861.0,269264.0
0.2,0.3,0.5,510865.0,271222.0
0.2,0.3,0.5,511627.0,271381.0
0.2,0.3,0.5,511971.0,271811.0
0.2,0.3,0.5,512427.0,272449.0
0.2,0.3,0.5,513138.0,273394.0
0.2,0.3,0.5,513635.0,274.21
0.2,0.3,0.5,514297.0,275143.0
0.2,0.3,0.5,514831.0,275877.0
0.2,0.3,0.5,515.21,276218.0
0.2,0.3,0.5,515789.0,277.09
0.2,0.3,0.5,516142.0,277623.0
0.2,0.3,0.5,516768.0,278.67
0.2,0.3,0.5,517525.0,279933.0
0.2,0.3,0.5,518082.0,281098.0
0.2,0.3,0.5,518603.0,281929.0
0.2,0.3,0.5,519568.0,283373.0
0.2,0.3,0.5,520114.0,284439.0
0.2,0.3,0.5,520779.0,285506.0
0.2,0.3,0.5,521541.0,286956.0
0.2,0.3,0.5,522.45,288426.0
0.2,0.3,0.5,523084.0,289688.0
0.2,0.3,0.5,523901.0,291073.0
0.2,0.3,0.5,524362.0,292396.0
0.2,0.3,0.5,525312.0,293859.0
0.2,0.3,0.5,526093.0,295233.0
0.2,0.3,0.5,526.77,296.68
0.2,0.3,0.5,527275.0,298151.0
0.2,0.3,0.5,528205.0,299926.0
0.2,0.3,0.5,529.18,301465.0
0.2,0.3,0.5,530011.0,303083.0
0.2,0.3,0.5,530144.0,304517.0
0.2,0.3,0.5,530619.0,305.89
0.2,0.3,0.5,531798.0,307174.0
0.2,0.3,0.5,531981.0,308417.0
0.2,0.3,0.5,532599.0,309503.0
0.2,0.3,0.5,533092.0,310615.0
0.2,0.3,0.5,533577.0,311722.0
0.2,0.3,0.5,534248.0,312423.0
0.2,0.3,0.5,534661.0,313482.0
0.2,0.3,0.5,535095.0,314489.0
0.2,0.3,0.5,535511.0,315419.0
0.2,0.3,0.5,535914.0,316336.0
0.2,0.3,0.5,536614.0,316804.0
0.2,0.3,0.5,537042.0,317.73
0.2,0.3,0.5,537603.0,318465.0
0.2,0.3,0.5,538055.0,319307.0
0.2,0.3,0.5,538226.0,320.28
0.2,0.3,0.5,538.59,321144.0
0.2,0.3,0.5,538.59,321144.0
0.2,0.3,0.5,509071.0,263718.0
0.2,0.3,0.5,522197.0,278671.0
0.2,0.3,0.5,528136.0,287313.0
0.2,0.3,0.5,533212.0,294168.0
0.2,0.3,0.5,536255.0,299723.0
0.2,0.3,0.5,538737.0,302908.0
0.2,0.3,0.5,543443.0,310654.0
0.2,0.3,0.5,545874.0,312875.0
0.2,0.3,0.5,549843.0,319027.0
0.2,0.3,0.5,554874.0,325223.0
0.2,0.3,0.5,560324.0,332342.0
0.2,0.3,0.5,564027.0,336842.0
0.2,0.3,0.5,560087.0,338586.0
0.2,0.3,0.5,527988.0,284252.0
0.2,0.3,0.5,533508.0,286429.0
0.2,0.3,0.5,542641.0,297074.0
0.2,0.3,0.5,553.87,315666.0
0.2,0.3,0.5,561444.0,329547.0
0.2,0.3,0.5,565469.0,334327.0
0.2,0.3,0.5,556273.0,321937.0
0.2,0.3,0.5,526508.0,271592.0
0.2,0.3,0.5,527.67,272684.0
0.2,0.3,0.5,538396.0,285347.0
0.2,0.3,0.5,549608.0,305472.0
0.2,0.3,0.5,559644.0,326.01
0.2,0.3,0.5,564781.0,333274.0
0.2,0.3,0.5,538.76,279412.0
0.2,0.3,0.5,542098.0,278975.0
0.2,0.3,0.5,546558.0,285479.0
0.2,0.3,0.5,560696.0,316991.0
0.2,0.3,0.5,559933.0,328796.0
0.2,0.3,0.5,559054.0,333011.0
0.2,0.3,0.5,560904.0,337578.0
0.2,0.3,0.5,562802.0,341282.0
0.2,0.3,0.5,563629.0,345508.0
0.2,0.3,0.5,561453.0,348003.0
0.2,0.3,0.5,562634.0,353157.0
0.2,0.3,0.5,564009.0,354875.0
0.2,0.3,0.5,563327.0,352364.0
0.2,0.3,0.5,559909.0,341405.0
0.2,0.3,0.5,554468.0,324575.0
0.2,0.3,0.5,542842.0,299781.0
0.2,0.3,0.5,561193.0,329523.0
0.2,0.3,0.5,571989.0,350816.0
0.2,0.3,0.5,573.58,353709.0
0.2,0.3,0.5,566426.0,329924.0
0.2,0.3,0.5,566426.0,329924.0
0.2,0.3,0.5,544.17,297003.0
0.2,0.3,0.5,554988.0,308082.0
0.2,0.3,0.5,567923.0,326534.0
0.2,0.3,0.5,577373.0,341503.0
0.2,0.3,0.5,576593.0,343208.0
0.2,0.3,0.5,554594.0,303467.0
0.2,0.3,0.5,556281.0,300905.0
0.2,0.3,0.5,560075.0,303.18
0.2,0.3,0.5,567.88,312617.0
0.2,0.3,0.5,570234.0,325611.0
0.2,0.3,0.5,577081.0,337961.0
0.2,0.3,0.5,558713.0,301531.0
0.2,0.3,0.5,571635.0,321305.0
0.2,0.3,0.5,579.27,334785.0
0.2,0.3,0.5,585717.0,344.18
0.2,0.3,0.5,586337.0,348628.0
0.2,0.3,0.5,566.89,312617.0
0.2,0.3,0.5,556197.0,293058.0
0.2,0.3,0.5,544001.0,274509.0
0.2,0.3,0.5,553978.0,290631.0
0.2,0.3,0.5,551302.0,282068.0
0.2,0.3,0.5,552686.0,281171.0
0.2,0.3,0.5,565216.0,299736.0
0.2,0.3,0.5,580763.0,330336.0
0.2,0.3,0.5,587903.0,343598.0
0.2,0.3,0.5,584376.0,331.26
0.2,0.3,0.5,561968.0,286445.0
0.2,0.3,0.5,576116.0,333658.0
0.2,0.3,0.5,580881.0,347687.0
0.2,0.3,0.5,581.91,356697.0
0.2,0.3,0.5,581885.0,362833.0
0.2,0.3,0.5,583456.0,367719.0
0.2,0.3,0.5,587661.0,368684.0
0.2,0.3,0.5,587907.0,370371.0
0.2,0.3,0.5,588931.0,368047.0
0.2,0.3,0.5,575548.0,337983.0
0.2,0.3,0.5,553264.0,292462.0
0.2,0.3,0.5,581036.0,334354.0
0.2,0.3,0.5,585478.0,343731.0
0.2,0.3,0.5,590371.0,348234.0
0.2,0.3,0.5,578426.0,325845.0
0.2,0.3,0.5,561811.0,289.16
0.2,0.3,0.5,590771.0,338072.0
0.2,0.3,0.5,599165.0,355589.0
0.2,0.3,0.5,593684.0,363845.0
0.2,0.3,0.5,584853.0,361.45
0.2,0.3,0.5,591307.0,367456.0
0.2,0.3,0.5,591307.0,367456.0
0.2,0.3,0.5,597032.0,368623.0
0.2,0.3,0.5,596939.0,364358.0
0.2,0.3,0.5,570893.0,312975.0
0.2,0.3,0.5,577255.0,317938.0
0.2,0.3,0.5,582.94,323596.0
0.2,0.3,0.5,586369.0,326352.0
0.2,0.3,0.5,590.92,331172.0
0.2,0.3,0.5,597746.0,340.15
0.2,0.3,0.5,602231.0,352574.0
0.2,0.3,0.5,577934.0,311272.0
0.2,0.3,0.5,586842.0,324349.0
0.2,0.3,0.5,595.83,339.16
0.2,0.3,0.5,602946.0,352183.0
0.2,0.3,0.5,605419.0,357451.0
0.2,0.3,0.5,604432.0,363365.0
0.2,0.3,0.5,602923.0,363204.0
0.2,0.3,0.5,599017.0,354.27
0.2,0.3,0.5,600687.0,358979.0
0.2,0.3,0.5,602611.0,363763.0
0.2,0.3,0.5,597826.0,343.25
0.2,0.3,0.5,584358.0,312218.0
0.2,0.3,0.5,572778.0,285193.0
0.2,0.3,0.5,567348.0,269435.0
0.2,0.3,0.5,594827.0,326138.0
0.2,0.3,0.5,602247.0,351573.0
0.2,0.3,0.5,602201.0,363088.0
0.2,0.3,0.5,602248.0,367629.0
0.2,0.3,0.5,603916.0,372944.0
0.2,0.3,0.5,605477.0,376728.0
0.2,0.3,0.5,606587.0,381333.0
0.2,0.3,0.5,606643.0,386699.0
0.2,0.3,0.5,606374.0,390147.0
0.2,0.3,0.5,605885.0,390549.0
0.2,0.3,0.5,606372.0,382164.0
0.2,0.3,0.5,601324.0,368011.0
0.2,0.3,0.5,591398.0,345248.0
0.2,0.3,0.5,580852.0,320136.0
0.2,0.3,0.5,577147.0,308316.0
0.2,0.3,0.5,607395.0,360658.0
0.2,0.3,0.5,616648.0,376.22
0.2,0.3,0.5,608958.0,361474.0
0.2,0.3,0.5,576268.0,293895.0
0.2,0.3,0.5,576268.0,293895.0
0.2,0.3,0.5,585605.0,310753.0
0.2,0.3,0.5,611363.0,347085.0
0.2,0.3,0.5,595686.0,329073.0
0.2,0.3,0.5,600248.0,333956.0
0.2,0.3,0.5,604038.0,337.99
0.2,0.3,0.5,606781.0,339583.0
0.2,0.3,0.5,611826.0,344529.0
0.2,0.3,0.5,619857.0,356159.0
0.2,0.3,0.5,617326.0,359219.0
0.2,0.3,0.5,576.34,284441.0
0.2,0.3,0.5,581231.0,289146.0
0.2,0.3,0.5,590516.0,300896.0
0.2,0.3,0.5,603871.0,322929.0
0.2,0.3,0.5,619778.0,352996.0
0.2,0.3,0.5,615632.0,362969.0
0.2,0.3,0.5,625.5,367709.0
0.2,0.3,0.5,619494.0,360043.0
0.2,0.3,0.5,600106.0,318041.0
0.2,0.3,0.5,588956.0,299422.0
0.2,0.3,0.5,575149.0,272866.0
0.2,0.3,0.5,589323.0,294223.0
0.2,0.3,0.5,589323.0,294223.0
0.2,0.3,0.5,591059.0,290665.0
0.2,0.3,0.5,595383.0,300017.0
0.2,0.3,0.5,611.83,337465.0
0.2,0.3,0.5,625137.0,359.74
0.2,0.3,0.5,628705.0,370799.0
0.2,0.3,0.5,603056.0,323.7
0.2,0.3,0.5,576145.0,282131.0
0.2,0.3,0.5,584818.0,294212.0
0.2,0.3,0.5,601098.0,323382.0
0.2,0.3,0.5,620396.0,362753.0
0.2,0.3,0.5,624632.0,376733.0
0.2,0.3,0.5,624136.0,366509.0
0.2,0.3,0.5,627823.0,369588.0
0.2,0.3,0.5,635386.0,379985.0
0.2,0.3,0.5,627234.0,364912.0
0.2,0.3,0.5,599771.0,321662.0
0.2,0.3,0.5,601619.0,321303.0
0.2,0.3,0.5,597698.0,310.31
0.2,0.3,0.5,584637.0,283421.0
0.2,0.3,0.5,599534.0,306186.0
0.2,0.3,0.5,622118.0,347116.0
0.2,0.3,0.5,634928.0,370967.0
0.2,0.3,0.5,632757.0,366.22
0.2,0.3,0.5,613381.0,327.77
0.2,0.3,0.5,586787.0,280243.0
0.2,0.3,0.5,611118.0,342393.0
0.2,0.3,0.5,622466.0,367928.0
0.2,0.3,0.5,630343.0,380485.0
0.2,0.3,0.5,632184.0,384579.0
